constructorStandingsId,raceId,constructorId,points,position,positionText,wins,year,constructorRef,Season_Total_Points,Points_Share,Total_Races,Win_Share,Car_Dominance_Score,Car_Dominance_V2
13918,17,23,172.0,1,1,8,2009,brawn,643.5,0.26728826728826727,17,0.47058823529411764,0.3892682480917775,0.419763243292655
13926,17,9,153.5,2,2,6,2009,red_bull,643.5,0.23853923853923853,17,0.35294117647058826,0.30718040129804836,0.32434069198775084
13925,17,2,36.0,6,6,0,2009,bmw_sauber,643.5,0.055944055944055944,17,0.0,0.022377622377622378,0.013986013986013986
13924,17,10,13.0,9,9,0,2009,force_india,643.5,0.020202020202020204,17,0.0,0.008080808080808083,0.005050505050505051
13923,17,5,8.0,10,10,0,2009,toro_rosso,643.5,0.012432012432012432,17,0.0,0.004972804972804973,0.003108003108003108
13922,17,3,34.5,7,7,0,2009,williams,643.5,0.053613053613053616,17,0.0,0.021445221445221447,0.013403263403263404
13921,17,4,26.0,8,8,0,2009,renault,643.5,0.04040404040404041,17,0.0,0.016161616161616165,0.010101010101010102
13920,17,7,59.5,5,5,0,2009,toyota,643.5,0.09246309246309246,17,0.0,0.03698523698523699,0.023115773115773116
13927,17,6,70.0,4,4,1,2009,ferrari,643.5,0.10878010878010878,17,0.058823529411764705,0.07880616115910234,0.07131267425385072
13919,17,1,71.0,3,3,2,2009,mclaren,643.5,0.11033411033411034,17,0.11764705882352941,0.11472187942776178,0.11581882170117463
183,35,1,151.0,2,2,6,2008,mclaren,702.0,0.2150997150997151,18,0.3333333333333333,0.28603988603988606,0.3037749287749288
193,35,8,0.0,11,11,0,2008,super_aguri,702.0,0.0,18,0.0,0.0,0.0
191,35,11,14.0,9,9,0,2008,honda,702.0,0.019943019943019943,18,0.0,0.007977207977207978,0.004985754985754986
190,35,9,29.0,7,7,0,2008,red_bull,702.0,0.04131054131054131,18,0.0,0.016524216524216522,0.010327635327635327
189,35,7,56.0,5,5,0,2008,toyota,702.0,0.07977207977207977,18,0.0,0.03190883190883191,0.019943019943019943
188,35,6,172.0,1,1,8,2008,ferrari,702.0,0.245014245014245,18,0.4444444444444444,0.3646723646723647,0.39458689458689455
192,35,10,0.0,10,10,0,2008,force_india,702.0,0.0,18,0.0,0.0,0.0
186,35,4,80.0,4,4,2,2008,renault,702.0,0.11396011396011396,18,0.1111111111111111,0.11225071225071226,0.11182336182336182
185,35,3,26.0,8,8,0,2008,williams,702.0,0.037037037037037035,18,0.0,0.014814814814814815,0.009259259259259259
184,35,2,135.0,3,3,1,2008,bmw_sauber,702.0,0.19230769230769232,18,0.05555555555555555,0.11025641025641025,0.08974358974358974
187,35,5,39.0,6,6,1,2008,toro_rosso,702.0,0.05555555555555555,18,0.05555555555555555,0.05555555555555555,0.05555555555555555
25914,52,7,13.0,6,6,0,2007,toyota,663.0,0.0196078431372549,17,0.0,0.00784313725490196,0.004901960784313725
25909,52,6,204.0,1,1,9,2007,ferrari,663.0,0.3076923076923077,17,0.5294117647058824,0.4407239819004525,0.4739819004524887
25915,52,11,6.0,8,8,0,2007,honda,663.0,0.00904977375565611,17,0.0,0.003619909502262444,0.0022624434389140274
25919,52,12,1.0,10,10,0,2007,spyker,663.0,0.0015082956259426848,17,0.0,0.0006033182503770739,0.0003770739064856712
25916,52,8,4.0,9,9,0,2007,super_aguri,663.0,0.006033182503770739,17,0.0,0.0024132730015082957,0.0015082956259426848
25918,52,5,8.0,7,7,0,2007,toro_rosso,663.0,0.012066365007541479,17,0.0,0.0048265460030165915,0.0030165912518853697
25917,52,9,24.0,5,5,0,2007,red_bull,663.0,0.03619909502262444,17,0.0,0.014479638009049776,0.00904977375565611
25913,52,3,33.0,4,4,0,2007,williams,663.0,0.049773755656108594,17,0.0,0.019909502262443438,0.012443438914027148
25912,52,4,51.0,3,3,0,2007,renault,663.0,0.07692307692307693,17,0.0,0.03076923076923077,0.019230769230769232
25911,52,2,101.0,2,2,0,2007,bmw_sauber,663.0,0.15233785822021115,17,0.0,0.06093514328808446,0.03808446455505279
25910,52,1,218.0,11,E,8,2007,mclaren,663.0,0.3288084464555053,17,0.47058823529411764,0.4138763197586727,0.4351432880844645
6510,70,11,86.0,4,4,1,2006,honda,702.0,0.1225071225071225,18,0.05555555555555555,0.08233618233618234,0.07229344729344729
6508,70,6,201.0,2,2,9,2006,ferrari,702.0,0.2863247863247863,18,0.5,0.4145299145299145,0.44658119658119655
6518,70,14,0.0,12,12,0,2006,spyker_mf1,702.0,0.0,18,0.0,0.0,0.0
6507,70,4,206.0,1,1,8,2006,renault,702.0,0.2934472934472934,18,0.4444444444444444,0.38404558404558403,0.40669515669515666
6509,70,1,110.0,3,3,0,2006,mclaren,702.0,0.15669515669515668,18,0.0,0.06267806267806268,0.03917378917378917
6512,70,9,16.0,7,7,0,2006,red_bull,702.0,0.022792022792022793,18,0.0,0.009116809116809118,0.005698005698005698
6513,70,5,1.0,9,9,0,2006,toro_rosso,702.0,0.0014245014245014246,18,0.0,0.0005698005698005699,0.00035612535612535614
6511,70,3,11.0,8,8,0,2006,williams,702.0,0.01566951566951567,18,0.0,0.006267806267806268,0.003917378917378918
6515,70,7,35.0,6,6,0,2006,toyota,702.0,0.04985754985754986,18,0.0,0.019943019943019946,0.012464387464387465
6516,70,13,0.0,10,10,0,2006,mf1,702.0,0.0,18,0.0,0.0,0.0
6514,70,2,36.0,5,5,0,2006,bmw_sauber,702.0,0.05128205128205128,18,0.0,0.020512820512820513,0.01282051282051282
6517,70,8,0.0,11,11,0,2006,super_aguri,702.0,0.0,18,0.0,0.0,0.0
28124,89,6,100.0,3,3,1,2005,ferrari,738.0,0.13550135501355012,19,0.05263157894736842,0.0857794893738411,0.07334902296391385
28125,89,9,34.0,7,7,0,2005,red_bull,738.0,0.04607046070460705,19,0.0,0.01842818428184282,0.011517615176151762
28126,89,3,66.0,5,5,0,2005,williams,738.0,0.08943089430894309,19,0.0,0.03577235772357724,0.022357723577235773
28127,89,1,182.0,2,2,10,2005,mclaren,738.0,0.24661246612466126,19,0.5263157894736842,0.41443446013407503,0.4563899586364285
28123,89,4,191.0,1,1,8,2005,renault,738.0,0.2588075880758808,19,0.42105263157894735,0.3561546141777207,0.38049137070318073
28129,89,15,20.0,8,8,0,2005,sauber,738.0,0.02710027100271003,19,0.0,0.010840108401084013,0.006775067750677507
28130,89,16,38.0,6,6,0,2005,bar,738.0,0.051490514905149054,19,0.0,0.020596205962059622,0.012872628726287264
28131,89,17,12.0,9,9,0,2005,jordan,738.0,0.016260162601626018,19,0.0,0.006504065040650407,0.0040650406504065045
28132,89,18,7.0,10,10,0,2005,minardi,738.0,0.009485094850948509,19,0.0,0.003794037940379404,0.0023712737127371273
28128,89,7,88.0,4,4,0,2005,toyota,738.0,0.11924119241192412,19,0.0,0.04769647696476965,0.02981029810298103
6307,107,6,262.0,1,1,15,2004,ferrari,702.0,0.3732193732193732,18,0.8333333333333334,0.6492877492877493,0.7183048433048433
6309,107,3,88.0,4,4,1,2004,williams,702.0,0.12535612535612536,18,0.05555555555555555,0.08347578347578348,0.073005698005698
6310,107,16,119.0,2,2,0,2004,bar,702.0,0.16951566951566951,18,0.0,0.0678062678062678,0.04237891737891738
6311,107,1,69.0,5,5,1,2004,mclaren,702.0,0.09829059829059829,18,0.05555555555555555,0.07264957264957264,0.06623931623931624
6308,107,4,105.0,3,3,1,2004,renault,702.0,0.14957264957264957,18,0.05555555555555555,0.09316239316239316,0.07905982905982906
6313,107,19,10.0,7,7,0,2004,jaguar,702.0,0.014245014245014245,18,0.0,0.005698005698005698,0.0035612535612535613
6314,107,7,9.0,8,8,0,2004,toyota,702.0,0.01282051282051282,18,0.0,0.005128205128205128,0.003205128205128205
6315,107,17,5.0,9,9,0,2004,jordan,702.0,0.007122507122507123,18,0.0,0.002849002849002849,0.0017806267806267807
6316,107,18,1.0,10,10,0,2004,minardi,702.0,0.0014245014245014246,18,0.0,0.0005698005698005699,0.00035612535612535614
6312,107,15,34.0,6,6,0,2004,sauber,702.0,0.04843304843304843,18,0.0,0.019373219373219373,0.012108262108262107
6132,123,15,19.0,6,6,0,2003,sauber,624.0,0.030448717948717948,16,0.0,0.01217948717948718,0.007612179487179487
6128,123,1,142.0,3,3,2,2003,mclaren,624.0,0.22756410256410256,16,0.125,0.16602564102564105,0.15064102564102563
6129,123,3,144.0,2,2,4,2003,williams,624.0,0.23076923076923078,16,0.25,0.2423076923076923,0.2451923076923077
6130,123,6,158.0,1,1,8,2003,ferrari,624.0,0.2532051282051282,16,0.5,0.4012820512820513,0.43830128205128205
6133,123,16,26.0,5,5,0,2003,bar,624.0,0.041666666666666664,16,0.0,0.016666666666666666,0.010416666666666666
6131,123,4,88.0,4,4,1,2003,renault,624.0,0.14102564102564102,16,0.0625,0.09391025641025641,0.08213141025641026
6135,123,17,13.0,9,9,1,2003,jordan,624.0,0.020833333333333332,16,0.0625,0.04583333333333333,0.052083333333333336
6136,123,7,16.0,8,8,0,2003,toyota,624.0,0.02564102564102564,16,0.0,0.010256410256410256,0.00641025641025641
6137,123,19,18.0,7,7,0,2003,jaguar,624.0,0.028846153846153848,16,0.0,0.011538461538461539,0.007211538461538462
6134,123,18,0.0,10,10,0,2003,minardi,624.0,0.0,16,0.0,0.0,0.0
5981,140,21,2.0,11,11,0,2002,arrows,442.0,0.004524886877828055,17,0.0,0.001809954751131222,0.0011312217194570137
5980,140,17,9.0,6,6,0,2002,jordan,442.0,0.020361990950226245,17,0.0,0.008144796380090498,0.005090497737556561
5972,140,3,92.0,2,2,1,2002,williams,442.0,0.2081447963800905,17,0.058823529411764705,0.11855203619909503,0.09615384615384615
5973,140,1,65.0,3,3,1,2002,mclaren,442.0,0.14705882352941177,17,0.058823529411764705,0.09411764705882353,0.08088235294117646
5974,140,19,8.0,7,7,0,2002,jaguar,442.0,0.01809954751131222,17,0.0,0.007239819004524888,0.004524886877828055
5975,140,18,2.0,9,9,0,2002,minardi,442.0,0.004524886877828055,17,0.0,0.001809954751131222,0.0011312217194570137
5971,140,6,221.0,1,1,15,2002,ferrari,442.0,0.5,17,0.8823529411764706,0.7294117647058824,0.7867647058823529
5977,140,4,23.0,4,4,0,2002,renault,442.0,0.05203619909502263,17,0.0,0.020814479638009052,0.013009049773755657
5978,140,15,11.0,5,5,0,2002,sauber,442.0,0.024886877828054297,17,0.0,0.009954751131221719,0.006221719457013574
5979,140,16,7.0,8,8,0,2002,bar,442.0,0.01583710407239819,17,0.0,0.006334841628959276,0.003959276018099547
5976,140,7,2.0,10,10,0,2002,toyota,442.0,0.004524886877828055,17,0.0,0.001809954751131222,0.0011312217194570137
5791,157,15,21.0,4,4,0,2001,sauber,442.0,0.04751131221719457,17,0.0,0.01900452488687783,0.011877828054298642
5789,157,6,179.0,1,1,9,2001,ferrari,442.0,0.40497737556561086,17,0.5294117647058824,0.4796380090497737,0.4983031674208145
5790,157,1,102.0,2,2,4,2001,mclaren,442.0,0.23076923076923078,17,0.23529411764705882,0.2334841628959276,0.2341628959276018
5793,157,16,17.0,6,6,0,2001,bar,442.0,0.038461538461538464,17,0.0,0.015384615384615385,0.009615384615384616
5794,157,19,9.0,8,8,0,2001,jaguar,442.0,0.020361990950226245,17,0.0,0.008144796380090498,0.005090497737556561
5792,157,17,19.0,5,5,0,2001,jordan,442.0,0.042986425339366516,17,0.0,0.017194570135746608,0.010746606334841629
5796,157,21,1.0,10,10,0,2001,arrows,442.0,0.0022624434389140274,17,0.0,0.000904977375565611,0.0005656108597285068
5797,157,18,0.0,11,11,0,2001,minardi,442.0,0.0,17,0.0,0.0,0.0
5798,157,22,10.0,7,7,0,2001,benetton,442.0,0.02262443438914027,17,0.0,0.00904977375565611,0.005656108597285068
5799,157,3,80.0,3,3,4,2001,williams,442.0,0.18099547511312217,17,0.23529411764705882,0.21357466063348418,0.22171945701357465
5795,157,20,4.0,9,9,0,2001,prost,442.0,0.00904977375565611,17,0.0,0.003619909502262444,0.0022624434389140274
1622,174,6,170.0,1,1,10,2000,ferrari,442.0,0.38461538461538464,17,0.5882352941176471,0.5067873303167421,0.5373303167420814
1623,174,3,36.0,3,3,0,2000,williams,442.0,0.08144796380090498,17,0.0,0.03257918552036199,0.020361990950226245
1624,174,16,20.0,5,5,0,2000,bar,442.0,0.04524886877828054,17,0.0,0.01809954751131222,0.011312217194570135
1625,174,22,20.0,4,4,0,2000,benetton,442.0,0.04524886877828054,17,0.0,0.01809954751131222,0.011312217194570135
1626,174,18,0.0,10,10,0,2000,minardi,442.0,0.0,17,0.0,0.0,0.0
1627,174,20,0.0,11,11,0,2000,prost,442.0,0.0,17,0.0,0.0,0.0
1628,174,17,17.0,6,6,0,2000,jordan,442.0,0.038461538461538464,17,0.0,0.015384615384615385,0.009615384615384616
1629,174,21,7.0,7,7,0,2000,arrows,442.0,0.01583710407239819,17,0.0,0.006334841628959276,0.003959276018099547
1630,174,1,162.0,2,2,7,2000,mclaren,442.0,0.3665158371040724,17,0.4117647058823529,0.3936651583710407,0.4004524886877828
1631,174,15,6.0,8,8,0,2000,sauber,442.0,0.013574660633484163,17,0.0,0.005429864253393666,0.003393665158371041
1632,174,19,4.0,9,9,0,2000,jaguar,442.0,0.00904977375565611,17,0.0,0.003619909502262444,0.0022624434389140274
5605,190,3,35.0,5,5,0,1999,williams,416.0,0.08413461538461539,16,0.0,0.03365384615384616,0.021033653846153848
5606,190,22,16.0,6,6,0,1999,benetton,416.0,0.038461538461538464,16,0.0,0.015384615384615385,0.009615384615384616
5603,190,6,128.0,1,1,6,1999,ferrari,416.0,0.3076923076923077,16,0.375,0.34807692307692306,0.3581730769230769
5604,190,17,61.0,3,3,2,1999,jordan,416.0,0.1466346153846154,16,0.125,0.13365384615384615,0.13040865384615385
5607,190,24,36.0,4,4,1,1999,stewart,416.0,0.08653846153846154,16,0.0625,0.07211538461538461,0.06850961538461539
5610,190,20,9.0,7,7,0,1999,prost,416.0,0.021634615384615384,16,0.0,0.008653846153846154,0.005408653846153846
5609,190,1,124.0,2,2,7,1999,mclaren,416.0,0.2980769230769231,16,0.4375,0.38173076923076926,0.4026442307692308
5611,190,18,1.0,10,10,0,1999,minardi,416.0,0.002403846153846154,16,0.0,0.0009615384615384616,0.0006009615384615385
5612,190,15,5.0,8,8,0,1999,sauber,416.0,0.01201923076923077,16,0.0,0.004807692307692308,0.0030048076923076925
5613,190,16,0.0,11,11,0,1999,bar,416.0,0.0,16,0.0,0.0,0.0
5608,190,21,1.0,9,9,0,1999,arrows,416.0,0.002403846153846154,16,0.0,0.0009615384615384616,0.0006009615384615385
2222,206,21,6.0,7,7,0,1998,arrows,416.0,0.014423076923076924,16,0.0,0.0057692307692307696,0.003605769230769231
2221,206,18,0.0,10,10,0,1998,minardi,416.0,0.0,16,0.0,0.0,0.0
2220,206,25,0.0,11,11,0,1998,tyrrell,416.0,0.0,16,0.0,0.0,0.0
2219,206,24,5.0,8,8,0,1998,stewart,416.0,0.01201923076923077,16,0.0,0.004807692307692308,0.0030048076923076925
2218,206,20,1.0,9,9,0,1998,prost,416.0,0.002403846153846154,16,0.0,0.0009615384615384616,0.0006009615384615385
2214,206,6,133.0,2,2,6,1998,ferrari,416.0,0.31971153846153844,16,0.375,0.35288461538461535,0.3611778846153846
2216,206,22,33.0,5,5,0,1998,benetton,416.0,0.07932692307692307,16,0.0,0.03173076923076923,0.019831730769230768
2215,206,15,10.0,6,6,0,1998,sauber,416.0,0.02403846153846154,16,0.0,0.009615384615384616,0.006009615384615385
2213,206,3,38.0,3,3,0,1998,williams,416.0,0.09134615384615384,16,0.0,0.03653846153846154,0.02283653846153846
2212,206,1,156.0,1,1,9,1998,mclaren,416.0,0.375,16,0.5625,0.4875,0.515625
2217,206,17,34.0,4,4,1,1998,jordan,416.0,0.08173076923076923,16,0.0625,0.07019230769230769,0.0673076923076923
25491,223,15,16.0,7,7,0,1997,sauber,442.0,0.03619909502262444,17,0.0,0.014479638009049776,0.00904977375565611
25488,223,6,102.0,2,2,5,1997,ferrari,442.0,0.23076923076923078,17,0.29411764705882354,0.26877828054298647,0.27828054298642535
25487,223,1,63.0,4,4,3,1997,mclaren,442.0,0.1425339366515837,17,0.17647058823529413,0.16289592760180996,0.16798642533936653
25489,223,22,67.0,3,3,1,1997,benetton,442.0,0.1515837104072398,17,0.058823529411764705,0.09592760180995474,0.08201357466063347
25490,223,20,21.0,6,6,0,1997,prost,442.0,0.04751131221719457,17,0.0,0.01900452488687783,0.011877828054298642
25492,223,3,123.0,1,1,8,1997,williams,442.0,0.27828054298642535,17,0.47058823529411764,0.3936651583710407,0.4225113122171945
25497,223,17,33.0,5,5,0,1997,jordan,442.0,0.0746606334841629,17,0.0,0.02986425339366516,0.018665158371040724
25494,223,21,9.0,8,8,0,1997,arrows,442.0,0.020361990950226245,17,0.0,0.008144796380090498,0.005090497737556561
25495,223,24,6.0,9,9,0,1997,stewart,442.0,0.013574660633484163,17,0.0,0.005429864253393666,0.003393665158371041
25496,223,25,2.0,10,10,0,1997,tyrrell,442.0,0.004524886877828055,17,0.0,0.001809954751131222,0.0011312217194570137
25498,223,26,0.0,12,12,0,1997,lola,442.0,0.0,17,0.0,0.0,0.0
25493,223,18,0.0,11,11,0,1997,minardi,442.0,0.0,17,0.0,0.0,0.0
2580,239,3,175.0,1,1,12,1996,williams,416.0,0.4206730769230769,16,0.75,0.6182692307692308,0.6676682692307693
2581,239,6,70.0,2,2,3,1996,ferrari,416.0,0.16826923076923078,16,0.1875,0.1798076923076923,0.1826923076923077
2582,239,22,68.0,3,3,0,1996,benetton,416.0,0.16346153846153846,16,0.0,0.06538461538461539,0.040865384615384616
2583,239,1,49.0,4,4,0,1996,mclaren,416.0,0.11778846153846154,16,0.0,0.047115384615384615,0.029447115384615384
2584,239,25,5.0,8,8,0,1996,tyrrell,416.0,0.01201923076923077,16,0.0,0.004807692307692308,0.0030048076923076925
2585,239,27,15.0,6,6,1,1996,ligier,416.0,0.036057692307692304,16,0.0625,0.05192307692307692,0.05588942307692307
2586,239,15,11.0,7,7,0,1996,sauber,416.0,0.026442307692307692,16,0.0,0.010576923076923078,0.006610576923076923
2587,239,29,1.0,9,9,0,1996,footwork,416.0,0.002403846153846154,16,0.0,0.0009615384615384616,0.0006009615384615385
2588,239,18,0.0,10,10,0,1996,minardi,416.0,0.0,16,0.0,0.0,0.0
2589,239,28,0.0,11,11,0,1996,forti,416.0,0.0,16,0.0,0.0,0.0
2590,239,17,22.0,5,5,0,1996,jordan,416.0,0.052884615384615384,16,0.0,0.021153846153846155,0.013221153846153846
5241,256,25,5.0,9,9,0,1995,tyrrell,442.0,0.011312217194570135,17,0.0,0.004524886877828055,0.002828054298642534
5237,256,22,147.0,1,1,11,1995,benetton,442.0,0.332579185520362,17,0.6470588235294118,0.5212669683257919,0.5684389140271494
5238,256,3,118.0,2,2,5,1995,williams,442.0,0.2669683257918552,17,0.29411764705882354,0.2832579185520362,0.2873303167420814
5239,256,6,73.0,3,3,1,1995,ferrari,442.0,0.16515837104072398,17,0.058823529411764705,0.10135746606334842,0.08540723981900453
5240,256,1,30.0,4,4,0,1995,mclaren,442.0,0.06787330316742081,17,0.0,0.027149321266968326,0.016968325791855202
5242,256,27,24.0,5,5,0,1995,ligier,442.0,0.05429864253393665,17,0.0,0.021719457013574663,0.013574660633484163
5246,256,31,0.0,13,13,0,1995,simtek,442.0,0.0,17,0.0,0.0,0.0
5244,256,28,0.0,11,11,0,1995,forti,442.0,0.0,17,0.0,0.0,0.0
5245,256,15,18.0,7,7,0,1995,sauber,442.0,0.04072398190045249,17,0.0,0.016289592760180997,0.010180995475113122
5247,256,17,21.0,6,6,0,1995,jordan,442.0,0.04751131221719457,17,0.0,0.01900452488687783,0.011877828054298642
5248,256,18,1.0,10,10,0,1995,minardi,442.0,0.0022624434389140274,17,0.0,0.000904977375565611,0.0005656108597285068
5249,256,29,5.0,8,8,0,1995,footwork,442.0,0.011312217194570135,17,0.0,0.004524886877828055,0.002828054298642534
5243,256,30,0.0,12,12,0,1995,pacific,442.0,0.0,17,0.0,0.0,0.0
25504,272,15,12.0,8,8,0,1994,sauber,416.0,0.028846153846153848,16,0.0,0.011538461538461539,0.007211538461538462
25499,272,22,103.0,2,2,8,1994,benetton,416.0,0.24759615384615385,16,0.5,0.39903846153846156,0.43689903846153844
25500,272,3,118.0,1,1,7,1994,williams,416.0,0.28365384615384615,16,0.4375,0.37596153846153846,0.39903846153846156
25501,272,6,71.0,3,3,1,1994,ferrari,416.0,0.17067307692307693,16,0.0625,0.10576923076923078,0.08954326923076923
25512,272,30,0.0,14,14,0,1994,pacific,416.0,0.0,16,0.0,0.0,0.0
25503,272,25,13.0,7,7,0,1994,tyrrell,416.0,0.03125,16,0.0,0.0125,0.0078125
25505,272,32,0.0,12,12,0,1994,team_lotus,416.0,0.0,16,0.0,0.0,0.0
25502,272,17,28.0,5,5,0,1994,jordan,416.0,0.0673076923076923,16,0.0,0.026923076923076925,0.016826923076923076
25507,272,33,2.0,11,11,0,1994,larrousse,416.0,0.004807692307692308,16,0.0,0.0019230769230769232,0.001201923076923077
25506,272,18,5.0,10,10,0,1994,minardi,416.0,0.01201923076923077,16,0.0,0.004807692307692308,0.0030048076923076925
25508,272,27,13.0,6,6,0,1994,ligier,416.0,0.03125,16,0.0,0.0125,0.0078125
25509,272,31,0.0,13,13,0,1994,simtek,416.0,0.0,16,0.0,0.0,0.0
25510,272,1,42.0,4,4,0,1994,mclaren,416.0,0.10096153846153846,16,0.0,0.04038461538461539,0.025240384615384616
25511,272,29,9.0,9,9,0,1994,footwork,416.0,0.021634615384615384,16,0.0,0.008653846153846154,0.005408653846153846
4823,288,15,12.0,7,7,0,1993,sauber,416.0,0.028846153846153848,16,0.0,0.011538461538461539,0.007211538461538462
4819,288,3,168.0,1,1,10,1993,williams,416.0,0.40384615384615385,16,0.625,0.5365384615384615,0.5697115384615384
4820,288,1,84.0,2,2,5,1993,mclaren,416.0,0.20192307692307693,16,0.3125,0.26826923076923076,0.2848557692307692
4821,288,27,23.0,5,5,0,1993,ligier,416.0,0.055288461538461536,16,0.0,0.022115384615384617,0.013822115384615384
4822,288,18,7.0,8,8,0,1993,minardi,416.0,0.016826923076923076,16,0.0,0.006730769230769231,0.004206730769230769
4825,288,29,4.0,9,9,0,1993,footwork,416.0,0.009615384615384616,16,0.0,0.0038461538461538464,0.002403846153846154
4824,288,6,28.0,4,4,0,1993,ferrari,416.0,0.0673076923076923,16,0.0,0.026923076923076925,0.016826923076923076
4827,288,32,12.0,6,6,0,1993,team_lotus,416.0,0.028846153846153848,16,0.0,0.011538461538461539,0.007211538461538462
4828,288,33,3.0,10,10,0,1993,larrousse,416.0,0.007211538461538462,16,0.0,0.0028846153846153848,0.0018028846153846155
4829,288,26,0.0,12,12,0,1993,lola,416.0,0.0,16,0.0,0.0,0.0
4830,288,17,3.0,11,11,0,1993,jordan,416.0,0.007211538461538462,16,0.0,0.0028846153846153848,0.0018028846153846155
4831,288,25,0.0,13,13,0,1993,tyrrell,416.0,0.0,16,0.0,0.0,0.0
4826,288,22,72.0,3,3,1,1993,benetton,416.0,0.17307692307692307,16,0.0625,0.10673076923076924,0.09014423076923077
3497,304,36,0.0,14,14,0,1992,fondmetal,416.0,0.0,16,0.0,0.0,0.0
3496,304,37,3.0,9,9,0,1992,march,416.0,0.007211538461538462,16,0.0,0.0028846153846153848,0.0018028846153846155
3495,304,18,1.0,12,12,0,1992,minardi,416.0,0.002403846153846154,16,0.0,0.0009615384615384616,0.0006009615384615385
3494,304,6,21.0,4,4,0,1992,ferrari,416.0,0.05048076923076923,16,0.0,0.020192307692307693,0.012620192307692308
3493,304,35,2.0,10,10,0,1992,dallara,416.0,0.004807692307692308,16,0.0,0.0019230769230769232,0.001201923076923077
3491,304,34,0.0,15,15,0,1992,brabham,416.0,0.0,16,0.0,0.0,0.0
3488,304,29,6.0,7,7,0,1992,footwork,416.0,0.014423076923076924,16,0.0,0.0057692307692307696,0.003605769230769231
3489,304,17,1.0,11,11,0,1992,jordan,416.0,0.002403846153846154,16,0.0,0.0009615384615384616,0.0006009615384615385
3486,304,32,13.0,5,5,0,1992,team_lotus,416.0,0.03125,16,0.0,0.0125,0.0078125
3485,304,22,91.0,3,3,1,1992,benetton,416.0,0.21875,16,0.0625,0.125,0.1015625
3484,304,1,99.0,2,2,5,1992,mclaren,416.0,0.23798076923076922,16,0.3125,0.2826923076923077,0.2938701923076923
3483,304,3,164.0,1,1,10,1992,williams,416.0,0.3942307692307692,16,0.625,0.5326923076923077,0.5673076923076923
3490,304,33,1.0,13,13,0,1992,larrousse,416.0,0.002403846153846154,16,0.0,0.0009615384615384616,0.0006009615384615385
3492,304,25,8.0,6,6,0,1992,tyrrell,416.0,0.019230769230769232,16,0.0,0.007692307692307693,0.004807692307692308
3487,304,27,6.0,8,8,0,1992,ligier,416.0,0.014423076923076924,16,0.0,0.0057692307692307696,0.003605769230769231
8519,320,39,0.0,16,16,0,1991,ags,403.0,0.0,16,0.0,0.0,0.0
8514,320,6,55.5,3,3,0,1991,ferrari,403.0,0.13771712158808933,16,0.0,0.05508684863523573,0.03442928039702233
8515,320,22,38.5,4,4,1,1991,benetton,403.0,0.09553349875930521,16,0.0625,0.07571339950372208,0.0707583746898263
8516,320,25,12.0,6,6,0,1991,tyrrell,403.0,0.02977667493796526,16,0.0,0.011910669975186104,0.007444168734491315
8517,320,33,1.0,13,13,0,1991,larrousse,403.0,0.0024813895781637717,16,0.0,0.0009925558312655087,0.0006203473945409429
8518,320,40,0.0,15,15,0,1991,lambo,403.0,0.0,16,0.0,0.0,0.0
8513,320,1,139.0,1,1,8,1991,mclaren,403.0,0.34491315136476425,16,0.5,0.4379652605459057,0.4612282878411911
8520,320,18,6.0,7,7,0,1991,minardi,403.0,0.01488833746898263,16,0.0,0.005955334987593052,0.0037220843672456576
8522,320,34,3.0,10,10,0,1991,brabham,403.0,0.007444168734491315,16,0.0,0.002977667493796526,0.0018610421836228288
8521,320,17,13.0,5,5,0,1991,jordan,403.0,0.03225806451612903,16,0.0,0.012903225806451613,0.008064516129032258
8530,320,36,0.0,17,17,0,1991,fondmetal,403.0,0.0,16,0.0,0.0,0.0
8529,320,42,0.0,19,19,0,1991,coloni,403.0,0.0,16,0.0,0.0,0.0
8528,320,35,5.0,8,8,0,1991,dallara,403.0,0.01240694789081886,16,0.0,0.004962779156327544,0.003101736972704715
8531,320,26,1.0,12,12,0,1991,lola,403.0,0.0024813895781637717,16,0.0,0.0009925558312655087,0.0006203473945409429
8526,320,41,1.0,11,11,0,1991,leyton,403.0,0.0024813895781637717,16,0.0,0.0009925558312655087,0.0006203473945409429
8525,320,29,0.0,18,18,0,1991,footwork,403.0,0.0,16,0.0,0.0,0.0
8524,320,3,125.0,2,2,7,1991,williams,403.0,0.31017369727047145,16,0.4375,0.3865694789081886,0.40566842431761785
8523,320,32,3.0,9,9,0,1991,team_lotus,403.0,0.007444168734491315,16,0.0,0.002977667493796526,0.0018610421836228288
8527,320,27,0.0,14,14,0,1991,ligier,403.0,0.0,16,0.0,0.0,0.0
7927,336,42,0.0,18,18,0,1990,coloni,400.0,0.0,16,0.0,0.0,0.0
7926,336,47,0.0,19,19,0,1990,life,400.0,0.0,16,0.0,0.0,0.0
7924,336,46,0.0,13,13,0,1990,onyx,400.0,0.0,16,0.0,0.0,0.0
7922,336,32,3.0,8,8,0,1990,team_lotus,400.0,0.0075,16,0.0,0.003,0.001875
7921,336,35,0.0,15,15,0,1990,dallara,400.0,0.0,16,0.0,0.0,0.0
7920,336,45,0.0,16,16,0,1990,osella,400.0,0.0,16,0.0,0.0,0.0
7919,336,6,110.0,2,2,6,1990,ferrari,400.0,0.275,16,0.375,0.33499999999999996,0.35
7918,336,41,7.0,7,7,0,1990,leyton,400.0,0.0175,16,0.0,0.007000000000000001,0.004375
7917,336,44,0.0,17,17,0,1990,eurobrun,400.0,0.0,16,0.0,0.0,0.0
7909,336,1,121.0,1,1,6,1990,mclaren,400.0,0.3025,16,0.375,0.346,0.356875
7923,336,27,0.0,11,11,0,1990,ligier,400.0,0.0,16,0.0,0.0,0.0
7925,336,39,0.0,14,14,0,1990,ags,400.0,0.0,16,0.0,0.0,0.0
7916,336,21,2.0,9,9,0,1990,arrows,400.0,0.005,16,0.0,0.002,0.00125
7915,336,33,11.0,6,6,0,1990,larrousse,400.0,0.0275,16,0.0,0.011000000000000001,0.006875
7914,336,18,0.0,12,12,0,1990,minardi,400.0,0.0,16,0.0,0.0,0.0
7913,336,34,2.0,10,10,0,1990,brabham,400.0,0.005,16,0.0,0.002,0.00125
7912,336,22,71.0,3,3,2,1990,benetton,400.0,0.1775,16,0.125,0.146,0.138125
7911,336,3,57.0,4,4,2,1990,williams,400.0,0.1425,16,0.125,0.132,0.129375
7910,336,25,16.0,5,5,0,1990,tyrrell,400.0,0.04,16,0.0,0.016,0.01
24507,355,166,0.0,12,12,0,2010,virgin,1919.0,0.0,19,0.0,0.0,0.0
24506,355,164,0.0,11,11,0,2010,hrt,1919.0,0.0,19,0.0,0.0,0.0
24505,355,15,44.0,8,8,0,2010,sauber,1919.0,0.022928608650338717,19,0.0,0.009171443460135487,0.005732152162584679
24503,355,5,13.0,9,9,0,2010,toro_rosso,1919.0,0.006774361646690985,19,0.0,0.0027097446586763943,0.0016935904116727463
24504,355,205,0.0,10,10,0,2010,lotus_racing,1919.0,0.0,19,0.0,0.0,0.0
24501,355,3,69.0,6,6,0,2010,williams,1919.0,0.03595622720166754,19,0.0,0.014382490880667016,0.008989056800416884
24502,355,4,163.0,5,5,0,2010,renault,1919.0,0.08494007295466388,19,0.0,0.033976029181865555,0.02123501823866597
24496,355,6,396.0,3,3,5,2010,ferrari,1919.0,0.20635747785304848,19,0.2631578947368421,0.24043772798332463,0.2489577905158937
24498,355,9,498.0,1,1,9,2010,red_bull,1919.0,0.25951016154247003,19,0.47368421052631576,0.38801459093277746,0.42014069828035433
24499,355,131,214.0,4,4,0,2010,mercedes,1919.0,0.11151641479937467,19,0.0,0.044606565919749874,0.027879103699843668
24500,355,10,68.0,7,7,0,2010,force_india,1919.0,0.03543512245961438,19,0.0,0.014174048983845753,0.008858780614903595
24497,355,1,454.0,2,2,5,2010,mclaren,1919.0,0.2365815528921313,19,0.2631578947368421,0.25252735799895776,0.2565138092756644
9148,371,44,0.0,20,20,0,1989,eurobrun,400.0,0.0,16,0.0,0.0,0.0
9150,371,39,1.0,15,15,0,1989,ags,400.0,0.0025,16,0.0,0.001,0.000625
9133,371,1,141.0,1,1,10,1989,mclaren,400.0,0.3525,16,0.625,0.516,0.556875
9132,371,6,59.0,3,3,3,1989,ferrari,400.0,0.1475,16,0.1875,0.17149999999999999,0.1775
9134,371,37,4.0,12,12,0,1989,march,400.0,0.01,16,0.0,0.004,0.0025
9135,371,22,39.0,4,4,1,1989,benetton,400.0,0.0975,16,0.0625,0.07650000000000001,0.07125000000000001
9136,371,21,13.0,7,7,0,1989,arrows,400.0,0.0325,16,0.0,0.013000000000000001,0.008125
9137,371,25,16.0,5,5,0,1989,tyrrell,400.0,0.04,16,0.0,0.016,0.01
9138,371,32,15.0,6,6,0,1989,team_lotus,400.0,0.0375,16,0.0,0.015,0.009375
9139,371,27,3.0,14,14,0,1989,ligier,400.0,0.0075,16,0.0,0.003,0.001875
9140,371,33,1.0,16,16,0,1989,larrousse,400.0,0.0025,16,0.0,0.001,0.000625
9141,371,35,8.0,8,8,0,1989,dallara,400.0,0.02,16,0.0,0.008,0.005
9142,371,48,3.0,13,13,0,1989,rial,400.0,0.0075,16,0.0,0.003,0.001875
9143,371,3,77.0,2,2,2,1989,williams,400.0,0.1925,16,0.125,0.15200000000000002,0.141875
9144,371,49,0.0,19,19,0,1989,zakspeed,400.0,0.0,16,0.0,0.0,0.0
9145,371,34,8.0,9,9,0,1989,brabham,400.0,0.02,16,0.0,0.008,0.005
9149,371,42,0.0,18,18,0,1989,coloni,400.0,0.0,16,0.0,0.0,0.0
9146,371,45,0.0,17,17,0,1989,osella,400.0,0.0,16,0.0,0.0,0.0
9147,371,18,6.0,11,11,0,1989,minardi,400.0,0.015,16,0.0,0.006,0.00375
9151,371,46,6.0,10,10,0,1989,onyx,400.0,0.015,16,0.0,0.006,0.00375
9425,387,21,23.0,5,5,0,1988,arrows,400.0,0.0575,16,0.0,0.023000000000000003,0.014375
9426,387,22,39.0,3,3,0,1988,benetton,400.0,0.0975,16,0.0,0.03900000000000001,0.024375
9424,387,32,23.0,4,4,0,1988,team_lotus,400.0,0.0575,16,0.0,0.023000000000000003,0.014375
9432,387,42,0.0,14,14,0,1988,coloni,400.0,0.0,16,0.0,0.0,0.0
9422,387,1,199.0,1,1,15,1988,mclaren,400.0,0.4975,16,0.9375,0.7615000000000001,0.8275
9427,387,27,0.0,15,15,0,1988,ligier,400.0,0.0,16,0.0,0.0,0.0
9423,387,6,65.0,2,2,1,1988,ferrari,400.0,0.1625,16,0.0625,0.10250000000000001,0.0875
9431,387,33,0.0,11,11,0,1988,larrousse,400.0,0.0,16,0.0,0.0,0.0
9428,387,48,3.0,9,9,0,1988,rial,400.0,0.0075,16,0.0,0.003,0.001875
9430,387,18,1.0,10,10,0,1988,minardi,400.0,0.0025,16,0.0,0.001,0.000625
9439,387,35,0.0,12,12,0,1988,dallara,400.0,0.0,16,0.0,0.0,0.0
9438,387,45,0.0,16,16,0,1988,osella,400.0,0.0,16,0.0,0.0,0.0
9437,387,49,0.0,18,18,0,1988,zakspeed,400.0,0.0,16,0.0,0.0,0.0
9429,387,25,5.0,8,8,0,1988,tyrrell,400.0,0.0125,16,0.0,0.005000000000000001,0.003125
9435,387,3,20.0,7,7,0,1988,williams,400.0,0.05,16,0.0,0.020000000000000004,0.0125
9434,387,44,0.0,17,17,0,1988,eurobrun,400.0,0.0,16,0.0,0.0,0.0
9433,387,39,0.0,13,13,0,1988,ags,400.0,0.0,16,0.0,0.0,0.0
9436,387,37,22.0,6,6,0,1988,march,400.0,0.055,16,0.0,0.022000000000000002,0.01375
9683,403,42,0.0,16,16,0,1987,coloni,398.0,0.0,16,0.0,0.0,0.0
9682,403,27,1.0,11,11,0,1987,ligier,398.0,0.002512562814070352,16,0.0,0.0010050251256281408,0.000628140703517588
9681,403,33,3.0,9,9,0,1987,larrousse,398.0,0.007537688442211055,16,0.0,0.003015075376884422,0.0018844221105527637
9680,403,37,1.0,13,13,0,1987,march,398.0,0.002512562814070352,16,0.0,0.0010050251256281408,0.000628140703517588
9679,403,18,0.0,14,14,0,1987,minardi,398.0,0.0,16,0.0,0.0,0.0
9678,403,45,0.0,15,15,0,1987,osella,398.0,0.0,16,0.0,0.0,0.0
9676,403,21,11.0,7,7,0,1987,arrows,398.0,0.02763819095477387,16,0.0,0.011055276381909548,0.006909547738693468
9677,403,34,10.0,8,8,0,1987,brabham,398.0,0.02512562814070352,16,0.0,0.010050251256281409,0.00628140703517588
9674,403,25,11.0,6,6,0,1987,tyrrell,398.0,0.02763819095477387,16,0.0,0.011055276381909548,0.006909547738693468
9673,403,49,2.0,10,10,0,1987,zakspeed,398.0,0.005025125628140704,16,0.0,0.0020100502512562816,0.001256281407035176
9672,403,32,64.0,3,3,2,1987,team_lotus,398.0,0.16080402010050251,16,0.125,0.139321608040201,0.13395100502512564
9671,403,22,28.0,5,5,0,1987,benetton,398.0,0.07035175879396985,16,0.0,0.02814070351758794,0.017587939698492462
9670,403,6,53.0,4,4,2,1987,ferrari,398.0,0.13316582914572864,16,0.125,0.12826633165829146,0.12704145728643215
9669,403,3,137.0,1,1,9,1987,williams,398.0,0.3442211055276382,16,0.5625,0.4751884422110553,0.5079302763819096
9668,403,1,76.0,2,2,3,1987,mclaren,398.0,0.19095477386934673,16,0.1875,0.1888819095477387,0.18836369346733667
9675,403,39,1.0,12,12,0,1987,ags,398.0,0.002512562814070352,16,0.0,0.0010050251256281408,0.000628140703517588
9903,419,1,96.0,2,2,4,1986,mclaren,400.0,0.24,16,0.25,0.246,0.2475
9908,419,39,0.0,14,14,0,1986,ags,400.0,0.0,16,0.0,0.0,0.0
9907,419,18,0.0,12,12,0,1986,minardi,400.0,0.0,16,0.0,0.0,0.0
9906,419,49,0.0,11,11,0,1986,zakspeed,400.0,0.0,16,0.0,0.0,0.0
9905,419,26,6.0,8,8,0,1986,lola,400.0,0.015,16,0.0,0.006,0.00375
9904,419,45,0.0,13,13,0,1986,osella,400.0,0.0,16,0.0,0.0,0.0
9902,419,6,37.0,4,4,0,1986,ferrari,400.0,0.0925,16,0.0,0.037,0.023125
9895,419,3,141.0,1,1,9,1986,williams,400.0,0.3525,16,0.5625,0.4784999999999999,0.51
9900,419,34,2.0,9,9,0,1986,brabham,400.0,0.005,16,0.0,0.002,0.00125
9899,419,22,19.0,6,6,1,1986,benetton,400.0,0.0475,16,0.0625,0.0565,0.05875
9898,419,25,11.0,7,7,0,1986,tyrrell,400.0,0.0275,16,0.0,0.011000000000000001,0.006875
9897,419,27,29.0,5,5,0,1986,ligier,400.0,0.0725,16,0.0,0.028999999999999998,0.018125
9896,419,32,58.0,3,3,2,1986,team_lotus,400.0,0.145,16,0.125,0.133,0.13
9901,419,21,1.0,10,10,0,1986,arrows,400.0,0.0025,16,0.0,0.001,0.000625
10197,435,1,90.0,1,1,6,1985,mclaren,400.0,0.225,16,0.375,0.315,0.3375
10199,435,32,71.0,4,4,3,1985,team_lotus,400.0,0.1775,16,0.1875,0.1835,0.185
10198,435,6,82.0,2,2,2,1985,ferrari,400.0,0.205,16,0.125,0.157,0.145
10201,435,27,23.0,6,6,0,1985,ligier,400.0,0.0575,16,0.0,0.023000000000000003,0.014375
10200,435,4,16.0,7,7,0,1985,renault,400.0,0.04,16,0.0,0.016,0.01
10213,435,26,0.0,17,17,0,1985,lola,400.0,0.0,16,0.0,0.0,0.0
10212,435,53,0.0,15,15,0,1985,toleman,400.0,0.0,16,0.0,0.0,0.0
10211,435,49,0.0,14,14,0,1985,zakspeed,400.0,0.0,16,0.0,0.0,0.0
10210,435,52,0.0,16,16,0,1985,spirit,400.0,0.0,16,0.0,0.0,0.0
10209,435,34,26.0,5,5,1,1985,brabham,400.0,0.065,16,0.0625,0.0635,0.063125
10206,435,51,0.0,12,12,0,1985,alfa,400.0,0.0,16,0.0,0.0,0.0
10207,435,18,0.0,11,11,0,1985,minardi,400.0,0.0,16,0.0,0.0,0.0
10205,435,45,0.0,10,10,0,1985,osella,400.0,0.0,16,0.0,0.0,0.0
10204,435,21,14.0,8,8,0,1985,arrows,400.0,0.035,16,0.0,0.014000000000000002,0.00875
10203,435,50,0.0,13,13,0,1985,ram,400.0,0.0,16,0.0,0.0,0.0
10202,435,25,7.0,9,9,0,1985,tyrrell,400.0,0.0175,16,0.0,0.007000000000000001,0.004375
10208,435,3,71.0,3,3,4,1985,williams,400.0,0.1775,16,0.25,0.22099999999999997,0.231875
10475,451,34,38.0,4,4,2,1984,brabham,383.5,0.09908735332464146,16,0.125,0.11463494132985658,0.11852183833116037
10481,451,54,0.0,12,12,0,1984,ats,383.5,0.0,16,0.0,0.0,0.0
10480,451,25,0.0,15,15,0,1984,tyrrell,383.5,0.0,16,0.0,0.0,0.0
10479,451,52,0.0,13,13,0,1984,spirit,383.5,0.0,16,0.0,0.0,0.0
10478,451,53,16.0,7,7,0,1984,toleman,383.5,0.041720990873533245,16,0.0,0.016688396349413298,0.010430247718383311
10476,451,6,57.5,2,2,1,1984,ferrari,383.5,0.14993481095176012,16,0.0625,0.09747392438070404,0.08435870273794002
10474,451,27,3.0,10,10,0,1984,ligier,383.5,0.007822685788787484,16,0.0,0.003129074315514994,0.001955671447196871
10477,451,45,2.0,11,11,0,1984,osella,383.5,0.005215123859191656,16,0.0,0.0020860495436766623,0.001303780964797914
10472,451,21,6.0,9,9,0,1984,arrows,383.5,0.01564537157757497,16,0.0,0.006258148631029988,0.003911342894393742
10471,451,4,34.0,5,5,0,1984,renault,383.5,0.08865710560625815,16,0.0,0.03546284224250326,0.02216427640156454
10470,451,51,11.0,8,8,0,1984,alfa,383.5,0.028683181225554105,16,0.0,0.011473272490221642,0.007170795306388526
10469,451,32,47.0,3,3,0,1984,team_lotus,383.5,0.12255541069100391,16,0.0,0.04902216427640157,0.030638852672750978
10468,451,3,25.5,6,6,1,1984,williams,383.5,0.06649282920469361,16,0.0625,0.06409713168187745,0.0634982073011734
10467,451,1,143.5,1,1,12,1984,mclaren,383.5,0.3741851368970013,16,0.75,0.5996740547588004,0.6560462842242503
10473,451,50,0.0,14,14,0,1984,ram,383.5,0.0,16,0.0,0.0,0.0
10729,466,52,0.0,13,13,0,1983,spirit,369.0,0.0,15,0.0,0.0,0.0
10728,466,45,0.0,15,15,0,1983,osella,369.0,0.0,15,0.0,0.0,0.0
10727,466,51,18.0,6,6,0,1983,alfa,369.0,0.04878048780487805,15,0.0,0.019512195121951223,0.012195121951219513
10726,466,27,0.0,12,12,0,1983,ligier,369.0,0.0,15,0.0,0.0,0.0
10725,466,54,0.0,14,14,0,1983,ats,369.0,0.0,15,0.0,0.0,0.0
10723,466,55,1.0,11,11,0,1983,theodore,369.0,0.0027100271002710027,15,0.0,0.001084010840108401,0.0006775067750677507
10724,466,50,0.0,16,16,0,1983,ram,369.0,0.0,15,0.0,0.0,0.0
10721,466,25,12.0,7,7,1,1983,tyrrell,369.0,0.032520325203252036,15,0.06666666666666667,0.053008130081300814,0.058130081300813014
10720,466,53,10.0,9,9,0,1983,toleman,369.0,0.02710027100271003,15,0.0,0.010840108401084013,0.006775067750677507
10719,466,4,79.0,2,2,4,1983,renault,369.0,0.2140921409214092,15,0.26666666666666666,0.2456368563685637,0.2535230352303523
10718,466,21,4.0,10,10,0,1983,arrows,369.0,0.01084010840108401,15,0.0,0.004336043360433604,0.0027100271002710027
10717,466,6,89.0,1,1,4,1983,ferrari,369.0,0.24119241192411925,15,0.26666666666666666,0.2564769647696477,0.26029810298102984
10714,466,34,72.0,3,3,4,1983,brabham,369.0,0.1951219512195122,15,0.26666666666666666,0.2380487804878049,0.24878048780487805
10715,466,1,34.0,5,5,1,1983,mclaren,369.0,0.0921409214092141,15,0.06666666666666667,0.07685636856368563,0.07303523035230353
10716,466,3,38.0,4,4,1,1983,williams,369.0,0.10298102981029811,15,0.06666666666666667,0.08119241192411925,0.07574525745257453
10722,466,32,12.0,8,8,0,1983,team_lotus,369.0,0.032520325203252036,15,0.0,0.013008130081300815,0.008130081300813009
11026,482,37,0.0,14,14,0,1982,march,399.0,0.0,16,0.0,0.0,0.0
11021,482,1,69.0,2,2,4,1982,mclaren,399.0,0.17293233082706766,16,0.25,0.21917293233082707,0.2307330827067669
11020,482,3,58.0,4,4,1,1982,williams,399.0,0.14536340852130325,16,0.0625,0.09564536340852131,0.08321585213032581
11019,482,4,62.0,3,3,4,1982,renault,399.0,0.15538847117794485,16,0.25,0.21215538847117793,0.2263471177944862
11022,482,25,25.0,7,7,1,1982,tyrrell,399.0,0.06265664160401002,16,0.0625,0.06256265664160401,0.0625391604010025
11023,482,32,30.0,6,6,1,1982,team_lotus,399.0,0.07518796992481203,16,0.0625,0.06757518796992482,0.065671992481203
11024,482,54,4.0,11,11,0,1982,ats,399.0,0.010025062656641603,16,0.0,0.0040100250626566416,0.002506265664160401
11027,482,55,0.0,17,17,0,1982,theodore,399.0,0.0,16,0.0,0.0,0.0
11028,482,56,1.0,13,13,0,1982,fittipaldi,399.0,0.002506265664160401,16,0.0,0.0010025062656641604,0.0006265664160401002
11025,482,51,7.0,9,9,0,1982,alfa,399.0,0.017543859649122806,16,0.0,0.007017543859649123,0.0043859649122807015
11031,482,53,0.0,16,16,0,1982,toleman,399.0,0.0,16,0.0,0.0,0.0
11032,482,34,41.0,5,5,2,1982,brabham,399.0,0.10275689223057644,16,0.125,0.11610275689223057,0.11943922305764411
11033,482,45,3.0,12,12,0,1982,osella,399.0,0.007518796992481203,16,0.0,0.0030075187969924814,0.0018796992481203006
11034,482,21,5.0,10,10,0,1982,arrows,399.0,0.012531328320802004,16,0.0,0.005012531328320802,0.003132832080200501
11029,482,6,74.0,1,1,3,1982,ferrari,399.0,0.18546365914786966,16,0.1875,0.18668546365914784,0.18699091478696742
11035,482,57,0.0,15,15,0,1982,ensign,399.0,0.0,16,0.0,0.0,0.0
11030,482,27,20.0,8,8,0,1982,ligier,399.0,0.05012531328320802,16,0.0,0.020050125313283207,0.012531328320802004
11290,497,51,10.0,9,9,0,1981,alfa,375.0,0.02666666666666667,15,0.0,0.010666666666666668,0.006666666666666667
11288,497,3,95.0,1,1,4,1981,williams,375.0,0.25333333333333335,15,0.26666666666666666,0.26133333333333336,0.26333333333333336
11304,497,53,0.0,17,17,0,1981,toleman,375.0,0.0,15,0.0,0.0,0.0
11303,497,37,0.0,14,14,0,1981,march,375.0,0.0,15,0.0,0.0,0.0
11302,497,1,28.0,6,6,1,1981,mclaren,375.0,0.07466666666666667,15,0.06666666666666667,0.06986666666666667,0.06866666666666667
11301,497,32,22.0,7,7,0,1981,team_lotus,375.0,0.058666666666666666,15,0.0,0.023466666666666667,0.014666666666666666
11300,497,45,0.0,16,16,0,1981,osella,375.0,0.0,15,0.0,0.0,0.0
11299,497,21,10.0,8,8,0,1981,arrows,375.0,0.02666666666666667,15,0.0,0.010666666666666668,0.006666666666666667
11298,497,54,1.0,13,13,0,1981,ats,375.0,0.0026666666666666666,15,0.0,0.0010666666666666667,0.0006666666666666666
11289,497,34,61.0,2,2,3,1981,brabham,375.0,0.16266666666666665,15,0.2,0.18506666666666666,0.19066666666666668
11296,497,6,34.0,5,5,2,1981,ferrari,375.0,0.09066666666666667,15,0.13333333333333333,0.11626666666666667,0.12266666666666667
11295,497,57,5.0,11,11,0,1981,ensign,375.0,0.013333333333333334,15,0.0,0.005333333333333334,0.0033333333333333335
11294,497,4,54.0,3,3,3,1981,renault,375.0,0.144,15,0.2,0.17759999999999998,0.18600000000000003
11293,497,56,0.0,15,15,0,1981,fittipaldi,375.0,0.0,15,0.0,0.0,0.0
11292,497,55,1.0,12,12,0,1981,theodore,375.0,0.0026666666666666666,15,0.0,0.0010666666666666667,0.0006666666666666666
11291,497,25,10.0,10,10,0,1981,tyrrell,375.0,0.02666666666666667,15,0.0,0.010666666666666668,0.006666666666666667
11297,497,27,44.0,4,4,2,1981,ligier,375.0,0.11733333333333333,15,0.13333333333333333,0.12693333333333334,0.12933333333333333
11514,511,45,0.0,14,14,0,1980,osella,350.0,0.0,14,0.0,0.0,0.0
11513,511,58,0.0,15,15,0,1980,shadow,350.0,0.0,14,0.0,0.0,0.0
11512,511,4,38.0,4,4,3,1980,renault,350.0,0.10857142857142857,14,0.21428571428571427,0.172,0.18785714285714283
11511,511,32,14.0,5,5,0,1980,team_lotus,350.0,0.04,14,0.0,0.016,0.01
11510,511,54,0.0,12,12,0,1980,ats,350.0,0.0,14,0.0,0.0,0.0
11509,511,21,11.0,7,7,0,1980,arrows,350.0,0.03142857142857143,14,0.0,0.012571428571428574,0.007857142857142858
11508,511,27,66.0,2,2,2,1980,ligier,350.0,0.18857142857142858,14,0.14285714285714285,0.16114285714285714,0.15428571428571428
11507,511,57,0.0,13,13,0,1980,ensign,350.0,0.0,14,0.0,0.0,0.0
11505,511,1,11.0,9,9,0,1980,mclaren,350.0,0.03142857142857143,14,0.0,0.012571428571428574,0.007857142857142858
11504,511,51,4.0,11,11,0,1980,alfa,350.0,0.011428571428571429,14,0.0,0.004571428571428572,0.002857142857142857
11503,511,25,12.0,6,6,0,1980,tyrrell,350.0,0.03428571428571429,14,0.0,0.013714285714285715,0.008571428571428572
11502,511,56,11.0,8,8,0,1980,fittipaldi,350.0,0.03142857142857143,14,0.0,0.012571428571428574,0.007857142857142858
11506,511,6,8.0,10,10,0,1980,ferrari,350.0,0.022857142857142857,14,0.0,0.009142857142857144,0.005714285714285714
11500,511,3,120.0,1,1,6,1980,williams,350.0,0.34285714285714286,14,0.42857142857142855,0.39428571428571424,0.40714285714285714
11501,511,34,55.0,3,3,3,1980,brabham,350.0,0.15714285714285714,14,0.21428571428571427,0.19142857142857142,0.19999999999999998
24226,526,60,0.0,18,18,0,1979,merzario,375.0,0.0,15,0.0,0.0,0.0
24217,526,58,3.0,10,10,0,1979,shadow,375.0,0.008,15,0.0,0.0032,0.002
24219,526,3,75.0,2,2,5,1979,williams,375.0,0.2,15,0.3333333333333333,0.28,0.3
24220,526,57,0.0,15,15,0,1979,ensign,375.0,0.0,15,0.0,0.0,0.0
24221,526,6,113.0,1,1,6,1979,ferrari,375.0,0.30133333333333334,15,0.4,0.3605333333333333,0.3753333333333334
24222,526,59,0.0,14,14,0,1979,wolf,375.0,0.0,15,0.0,0.0,0.0
24223,526,25,28.0,5,5,0,1979,tyrrell,375.0,0.07466666666666667,15,0.0,0.02986666666666667,0.018666666666666668
24224,526,4,26.0,6,6,1,1979,renault,375.0,0.06933333333333333,15,0.06666666666666667,0.06773333333333334,0.06733333333333333
24225,526,204,7.0,8,8,0,1979,brabham-alfa_romeo,375.0,0.018666666666666668,15,0.0,0.0074666666666666675,0.004666666666666667
24227,526,54,2.0,11,11,0,1979,ats,375.0,0.005333333333333333,15,0.0,0.0021333333333333334,0.0013333333333333333
24228,526,61,0.0,19,19,0,1979,kauhsen,375.0,0.0,15,0.0,0.0,0.0
24229,526,51,0.0,16,16,0,1979,alfa,375.0,0.0,15,0.0,0.0,0.0
24231,526,182,0.0,13,13,0,1979,brabham-ford,375.0,0.0,15,0.0,0.0,0.0
24215,526,1,15.0,7,7,0,1979,mclaren,375.0,0.04,15,0.0,0.016,0.01
24218,526,21,5.0,9,9,0,1979,arrows,375.0,0.013333333333333334,15,0.0,0.005333333333333334,0.0033333333333333335
24216,526,56,1.0,12,12,0,1979,fittipaldi,375.0,0.0026666666666666666,15,0.0,0.0010666666666666667,0.0006666666666666666
24214,526,32,39.0,4,4,0,1979,team_lotus,375.0,0.104,15,0.0,0.0416,0.026
24213,526,27,61.0,3,3,3,1979,ligier,375.0,0.16266666666666665,15,0.2,0.18506666666666666,0.19066666666666668
24230,526,62,0.0,17,17,0,1979,rebaque,375.0,0.0,15,0.0,0.0,0.0
23711,542,3,11.0,9,9,0,1978,williams,343.0,0.03206997084548105,16,0.0,0.01282798833819242,0.008017492711370262
23712,542,63,1.0,13,13,0,1978,surtees,343.0,0.0029154518950437317,16,0.0,0.0011661807580174927,0.0007288629737609329
23713,542,27,19.0,6,6,0,1978,ligier,343.0,0.05539358600583091,16,0.0,0.022157434402332365,0.013848396501457727
23714,542,58,6.0,11,11,0,1978,shadow,343.0,0.01749271137026239,16,0.0,0.006997084548104957,0.004373177842565598
23715,542,54,0.0,15,15,0,1978,ats,343.0,0.0,16,0.0,0.0,0.0
23716,542,59,24.0,5,5,0,1978,wolf,343.0,0.06997084548104957,16,0.0,0.027988338192419828,0.01749271137026239
23717,542,56,17.0,7,7,0,1978,fittipaldi,343.0,0.04956268221574344,16,0.0,0.01982507288629738,0.01239067055393586
23718,542,6,58.0,2,2,5,1978,ferrari,343.0,0.16909620991253643,16,0.3125,0.2551384839650146,0.2766490524781341
23719,542,1,15.0,8,8,0,1978,mclaren,343.0,0.043731778425655975,16,0.0,0.01749271137026239,0.010932944606413994
23720,542,25,38.0,4,4,1,1978,tyrrell,343.0,0.11078717201166181,16,0.0625,0.08181486880466474,0.07457179300291546
23722,542,32,86.0,1,1,8,1978,team_lotus,343.0,0.25072886297376096,16,0.5,0.4002915451895044,0.43768221574344024
23724,542,55,0.0,18,18,0,1978,theodore,343.0,0.0,16,0.0,0.0,0.0
23725,542,4,3.0,12,12,0,1978,renault,343.0,0.008746355685131196,16,0.0,0.0034985422740524785,0.002186588921282799
23726,542,60,0.0,17,17,0,1978,merzario,343.0,0.0,16,0.0,0.0,0.0
23727,542,57,1.0,14,14,0,1978,ensign,343.0,0.0029154518950437317,16,0.0,0.0011661807580174927,0.0007288629737609329
23728,542,65,0.0,16,16,0,1978,martini,343.0,0.0,16,0.0,0.0,0.0
23729,542,64,0.0,19,19,0,1978,hesketh,343.0,0.0,16,0.0,0.0,0.0
23721,542,34,53.0,3,3,2,1978,brabham,343.0,0.15451895043731778,16,0.125,0.1368075801749271,0.13237973760932945
23723,542,21,11.0,10,10,0,1978,arrows,343.0,0.03206997084548105,16,0.0,0.01282798833819242,0.008017492711370262
23417,559,34,27.0,5,5,0,1977,brabham,395.0,0.06835443037974684,17,0.0,0.027341772151898737,0.01708860759493671
23416,559,6,95.0,1,1,4,1977,ferrari,395.0,0.24050632911392406,17,0.23529411764705882,0.23737900223380493,0.2365971705137751
23415,559,56,11.0,9,9,0,1977,fittipaldi,395.0,0.027848101265822784,17,0.0,0.011139240506329114,0.006962025316455696
23410,559,58,23.0,7,7,1,1977,shadow,395.0,0.05822784810126582,17,0.058823529411764705,0.05858525688756515,0.05867460908413998
23412,559,63,6.0,11,11,0,1977,surtees,395.0,0.015189873417721518,17,0.0,0.0060759493670886075,0.0037974683544303796
23411,559,37,0.0,13,13,0,1977,march,395.0,0.0,17,0.0,0.0,0.0
23418,559,59,55.0,4,4,3,1977,wolf,395.0,0.13924050632911392,17,0.17647058823529413,0.16157855547282204,0.16716306775874906
23413,559,57,10.0,10,10,0,1977,ensign,395.0,0.02531645569620253,17,0.0,0.010126582278481013,0.006329113924050633
23419,559,25,27.0,6,6,0,1977,tyrrell,395.0,0.06835443037974684,17,0.0,0.027341772151898737,0.01708860759493671
23414,559,32,62.0,2,2,5,1977,team_lotus,395.0,0.1569620253164557,17,0.29411764705882354,0.23925539836187643,0.25982874162323155
23421,559,1,60.0,3,3,3,1977,mclaren,395.0,0.1518987341772152,17,0.17647058823529413,0.16664184661206255,0.1703276247207744
23430,559,72,0.0,15,15,0,1977,kojima,395.0,0.0,17,0.0,0.0,0.0
23420,559,27,18.0,8,8,1,1977,ligier,395.0,0.04556962025316456,17,0.058823529411764705,0.05352196574832464,0.05551005212211466
23428,559,70,0.0,19,19,0,1977,boro,395.0,0.0,17,0.0,0.0,0.0
23427,559,69,0.0,21,21,0,1977,mcguire,395.0,0.0,17,0.0,0.0,0.0
23429,559,71,0.0,20,20,0,1977,apollon,395.0,0.0,17,0.0,0.0,0.0
23425,559,4,0.0,18,18,0,1977,renault,395.0,0.0,17,0.0,0.0,0.0
23424,559,64,0.0,14,14,0,1977,hesketh,395.0,0.0,17,0.0,0.0,0.0
23423,559,68,0.0,16,16,0,1977,lec,395.0,0.0,17,0.0,0.0,0.0
23422,559,67,1.0,12,12,0,1977,penske,395.0,0.002531645569620253,17,0.0,0.0010126582278481013,0.0006329113924050633
23426,559,66,0.0,17,17,0,1977,brm,395.0,0.0,17,0.0,0.0,0.0
23129,575,37,19.0,7,7,1,1976,march,348.0,0.05459770114942529,16,0.0625,0.05933908045977011,0.060524425287356326
23125,575,204,9.0,9,9,0,1976,brabham-alfa_romeo,348.0,0.02586206896551724,16,0.0,0.010344827586206896,0.00646551724137931
23126,575,3,0.0,17,17,0,1976,williams,348.0,0.0,16,0.0,0.0,0.0
23127,575,59,0.0,15,15,0,1976,wolf,348.0,0.0,16,0.0,0.0,0.0
23128,575,1,74.0,2,2,6,1976,mclaren,348.0,0.21264367816091953,16,0.375,0.3100574712643678,0.3344109195402299
23130,575,58,10.0,8,8,0,1976,shadow,348.0,0.028735632183908046,16,0.0,0.011494252873563218,0.007183908045977011
23144,575,66,0.0,20,20,0,1976,brm,348.0,0.0,16,0.0,0.0,0.0
23132,575,6,83.0,1,1,6,1976,ferrari,348.0,0.23850574712643677,16,0.375,0.3204022988505747,0.34087643678160917
23143,575,72,0.0,18,18,0,1976,kojima,348.0,0.0,16,0.0,0.0,0.0
23142,575,64,0.0,14,14,0,1976,hesketh,348.0,0.0,16,0.0,0.0,0.0
23141,575,182,0.0,19,19,0,1976,brabham-ford,348.0,0.0,16,0.0,0.0,0.0
23140,575,70,0.0,16,16,0,1976,boro,348.0,0.0,16,0.0,0.0,0.0
23139,575,27,20.0,6,6,0,1976,ligier,348.0,0.05747126436781609,16,0.0,0.022988505747126436,0.014367816091954023
23138,575,56,3.0,11,11,0,1976,fittipaldi,348.0,0.008620689655172414,16,0.0,0.0034482758620689655,0.0021551724137931034
23131,575,25,71.0,3,3,1,1976,tyrrell,348.0,0.20402298850574713,16,0.0625,0.11910919540229886,0.09788074712643678
23145,575,74,0.0,21,21,0,1976,maki,348.0,0.0,16,0.0,0.0,0.0
23133,575,63,7.0,10,10,0,1976,surtees,348.0,0.020114942528735632,16,0.0,0.008045977011494253,0.005028735632183908
23134,575,32,29.0,4,4,1,1976,team_lotus,348.0,0.08333333333333333,16,0.0625,0.07083333333333333,0.06770833333333333
23135,575,73,1.0,13,13,0,1976,parnelli,348.0,0.0028735632183908046,16,0.0,0.0011494252873563218,0.0007183908045977011
23136,575,67,20.0,5,5,1,1976,penske,348.0,0.05747126436781609,16,0.0625,0.060488505747126435,0.06124281609195402
23137,575,57,2.0,12,12,0,1976,ensign,348.0,0.005747126436781609,16,0.0,0.0022988505747126436,0.0014367816091954023
22841,589,3,6.0,9,9,0,1975,williams,280.5,0.0213903743315508,14,0.0,0.008556149732620321,0.0053475935828877
22840,589,56,0.0,16,16,0,1975,fittipaldi,280.5,0.0,14,0.0,0.0,0.0
22839,589,1,53.0,3,3,3,1975,mclaren,280.5,0.1889483065953654,14,0.21428571428571427,0.2041507512095747,0.20795136236312706
22838,589,64,33.0,4,4,1,1975,hesketh,280.5,0.11764705882352941,14,0.07142857142857142,0.08991596638655461,0.08298319327731092
22842,589,63,0.0,14,14,0,1975,surtees,280.5,0.0,14,0.0,0.0,0.0
22835,589,25,25.0,5,5,1,1975,tyrrell,280.5,0.08912655971479501,14,0.07142857142857142,0.07850776674306086,0.07585306850012732
22836,589,6,72.5,1,1,6,1975,ferrari,280.5,0.25846702317290554,14,0.42857142857142855,0.36052966641201933,0.3860453272217978
22837,589,34,54.0,2,2,2,1975,brabham,280.5,0.1925133689839572,14,0.14285714285714285,0.1627196333078686,0.15527119938884643
22834,589,67,2.0,12,12,0,1975,penske,280.5,0.0071301247771836,14,0.0,0.00285204991087344,0.0017825311942959
22843,589,73,5.0,10,10,0,1975,parnelli,280.5,0.017825311942959002,14,0.0,0.007130124777183601,0.004456327985739751
22848,589,203,0.0,19,19,0,1975,shadow-matra,280.5,0.0,14,0.0,0.0,0.0
22845,589,75,3.0,11,11,0,1975,hill,280.5,0.0106951871657754,14,0.0,0.0042780748663101605,0.00267379679144385
22846,589,57,1.0,13,13,0,1975,ensign,280.5,0.0035650623885918,14,0.0,0.00142602495543672,0.00089126559714795
22847,589,76,0.0,18,18,0,1975,lyncar,280.5,0.0,14,0.0,0.0,0.0
22849,589,74,0.0,20,20,0,1975,maki,280.5,0.0,14,0.0,0.0,0.0
22830,589,202,9.5,6,6,0,1975,shadow-ford,280.5,0.0338680926916221,14,0.0,0.013547237076648842,0.008467023172905526
22833,589,32,9.0,7,7,0,1975,team_lotus,280.5,0.03208556149732621,14,0.0,0.012834224598930483,0.008021390374331552
22832,589,37,7.5,8,8,1,1975,march,280.5,0.026737967914438502,14,0.07142857142857142,0.05355233002291825,0.06025592055003819
22831,589,26,0.0,17,17,0,1975,lola,280.5,0.0,14,0.0,0.0,0.0
22844,589,66,0.0,15,15,0,1975,brm,280.5,0.0,14,0.0,0.0,0.0
22432,604,26,1.0,12,12,0,1974,lola,313.0,0.003194888178913738,15,0.0,0.0012779552715654952,0.0007987220447284345
22451,604,74,0.0,20,20,0,1974,maki,313.0,0.0,15,0.0,0.0,0.0
22440,604,32,42.0,4,4,3,1974,team_lotus,313.0,0.134185303514377,15,0.2,0.17367412140575078,0.18354632587859426
22441,604,80,4.0,10,10,0,1974,iso_marlboro,313.0,0.012779552715654952,15,0.0,0.005111821086261981,0.003194888178913738
22442,604,77,0.0,14,14,0,1974,trojan,313.0,0.0,15,0.0,0.0,0.0
22443,604,64,15.0,6,6,0,1974,hesketh,313.0,0.04792332268370607,15,0.0,0.019169329073482427,0.011980830670926517
22444,604,58,7.0,8,8,0,1974,shadow,313.0,0.022364217252396165,15,0.0,0.008945686900958467,0.005591054313099041
22445,604,57,0.0,17,17,0,1974,ensign,313.0,0.0,15,0.0,0.0,0.0
22446,604,79,0.0,16,16,0,1974,token,313.0,0.0,15,0.0,0.0,0.0
22447,604,67,0.0,15,15,0,1974,penske,313.0,0.0,15,0.0,0.0,0.0
22448,604,73,0.0,13,13,0,1974,parnelli,313.0,0.0,15,0.0,0.0,0.0
22449,604,78,0.0,18,18,0,1974,amon,313.0,0.0,15,0.0,0.0,0.0
22439,604,63,3.0,11,11,0,1974,surtees,313.0,0.009584664536741214,15,0.0,0.0038338658146964857,0.0023961661341853034
22450,604,76,0.0,19,19,0,1974,lyncar,313.0,0.0,15,0.0,0.0,0.0
22436,604,66,10.0,7,7,0,1974,brm,313.0,0.03194888178913738,15,0.0,0.012779552715654952,0.007987220447284345
22435,604,25,52.0,3,3,2,1974,tyrrell,313.0,0.16613418530351437,15,0.13333333333333333,0.14645367412140575,0.1415335463258786
22434,604,34,35.0,5,5,3,1974,brabham,313.0,0.11182108626198083,15,0.2,0.16472843450479233,0.17795527156549523
22433,604,37,6.0,9,9,0,1974,march,313.0,0.019169329073482427,15,0.0,0.0076677316293929714,0.004792332268370607
22437,604,6,65.0,2,2,3,1974,ferrari,313.0,0.20766773162939298,15,0.2,0.2030670926517572,0.20191693290734827
22438,604,1,73.0,1,1,4,1974,mclaren,313.0,0.23322683706070288,15,0.26666666666666666,0.25329073482428116,0.25830670926517574
22200,619,80,2.0,10,10,0,1973,iso_marlboro,311.0,0.006430868167202572,15,0.0,0.002572347266881029,0.001607717041800643
22201,619,37,14.0,5,5,0,1973,march,311.0,0.04501607717041801,15,0.0,0.018006430868167205,0.011254019292604502
22208,619,63,7.0,9,9,0,1973,surtees,311.0,0.022508038585209004,15,0.0,0.009003215434083603,0.005627009646302251
22203,619,34,22.0,4,4,0,1973,brabham,311.0,0.0707395498392283,15,0.0,0.02829581993569132,0.017684887459807074
22211,619,57,0.0,12,12,0,1973,ensign,311.0,0.0,15,0.0,0.0,0.0
22210,619,81,1.0,11,11,0,1973,tecno,311.0,0.003215434083601286,15,0.0,0.0012861736334405145,0.0008038585209003215
22209,619,58,9.0,8,8,0,1973,shadow,311.0,0.028938906752411574,15,0.0,0.011575562700964631,0.007234726688102894
22202,619,66,12.0,7,7,0,1973,brm,311.0,0.03858520900321544,15,0.0,0.015434083601286175,0.00964630225080386
22206,619,25,82.0,2,2,5,1973,tyrrell,311.0,0.26366559485530544,15,0.3333333333333333,0.30546623794212213,0.3159163987138264
22205,619,6,12.0,6,6,0,1973,ferrari,311.0,0.03858520900321544,15,0.0,0.015434083601286175,0.00964630225080386
22207,619,32,92.0,1,1,7,1973,team_lotus,311.0,0.2958199356913183,15,0.4666666666666667,0.39832797427652733,0.42395498392282954
22204,619,1,58.0,3,3,3,1973,mclaren,311.0,0.1864951768488746,15,0.2,0.19459807073954982,0.19662379421221868
22024,631,1,47.0,3,3,1,1972,mclaren,258.0,0.1821705426356589,12,0.08333333333333333,0.12286821705426357,0.10804263565891473
22025,631,82,12.0,8,8,0,1972,matra,258.0,0.046511627906976744,12,0.0,0.018604651162790697,0.011627906976744186
22028,631,83,0.0,12,12,0,1972,politoys,258.0,0.0,12,0.0,0.0,0.0
22027,631,81,0.0,10,10,0,1972,tecno,258.0,0.0,12,0.0,0.0,0.0
22026,631,25,51.0,2,2,4,1972,tyrrell,258.0,0.19767441860465115,12,0.3333333333333333,0.27906976744186046,0.29941860465116277
22018,631,32,61.0,1,1,5,1972,team_lotus,258.0,0.2364341085271318,12,0.4166666666666667,0.3445736434108527,0.37160852713178294
22019,631,66,14.0,7,7,1,1972,brm,258.0,0.05426356589147287,12,0.08333333333333333,0.07170542635658914,0.07606589147286821
22020,631,34,7.0,9,9,0,1972,brabham,258.0,0.027131782945736434,12,0.0,0.010852713178294573,0.006782945736434108
22021,631,37,15.0,6,6,0,1972,march,258.0,0.05813953488372093,12,0.0,0.023255813953488372,0.014534883720930232
22022,631,63,18.0,5,5,0,1972,surtees,258.0,0.06976744186046512,12,0.0,0.027906976744186046,0.01744186046511628
22029,631,84,0.0,11,11,0,1972,connew,258.0,0.0,12,0.0,0.0,0.0
22023,631,6,33.0,4,4,1,1972,ferrari,258.0,0.12790697674418605,12,0.08333333333333333,0.10116279069767442,0.09447674418604651
21781,642,34,5.0,9,9,0,1971,brabham,228.0,0.021929824561403508,11,0.0,0.008771929824561403,0.005482456140350877
21790,642,201,0.0,10,10,0,1971,lotus-pw,228.0,0.0,11,0.0,0.0,0.0
21789,642,200,33.0,4,4,0,1971,march-ford,228.0,0.14473684210526316,11,0.0,0.05789473684210527,0.03618421052631579
21788,642,66,36.0,2,2,2,1971,brm,228.0,0.15789473684210525,11,0.18181818181818182,0.1722488038277512,0.17583732057416268
21787,642,6,33.0,3,3,2,1971,ferrari,228.0,0.14473684210526316,11,0.18181818181818182,0.16698564593301435,0.17254784688995214
21786,642,25,73.0,1,1,7,1971,tyrrell,228.0,0.3201754385964912,11,0.6363636363636364,0.5098883572567783,0.5573165869218502
21785,642,180,21.0,5,5,0,1971,lotus-ford,228.0,0.09210526315789473,11,0.0,0.03684210526315789,0.023026315789473683
21784,642,82,9.0,7,7,0,1971,matra,228.0,0.039473684210526314,11,0.0,0.015789473684210527,0.009868421052631578
21783,642,1,10.0,6,6,0,1971,mclaren,228.0,0.043859649122807015,11,0.0,0.017543859649122806,0.010964912280701754
21782,642,63,8.0,8,8,0,1971,surtees,228.0,0.03508771929824561,11,0.0,0.014035087719298246,0.008771929824561403
21791,642,199,0.0,11,11,0,1971,march-alfa_romeo,228.0,0.0,11,0.0,0.0,0.0
21792,642,85,0.0,12,12,0,1971,bellasi,228.0,0.0,11,0.0,0.0,0.0
21665,655,34,35.0,4,4,1,1970,brabham,278.0,0.12589928057553956,13,0.07692307692307693,0.09651355838406198,0.08916712783619259
21662,655,32,59.0,1,1,6,1970,team_lotus,278.0,0.21223021582733814,13,0.46153846153846156,0.3618151632540122,0.3992114001106807
21664,655,37,48.0,3,3,1,1970,march,278.0,0.17266187050359713,13,0.07692307692307693,0.11521859435528502,0.10085777531820697
21661,655,66,23.0,6,6,1,1970,brm,278.0,0.08273381294964029,13,0.07692307692307693,0.07924737133370227,0.07837576092971776
21671,655,85,0.0,12,12,0,1970,bellasi,278.0,0.0,13,0.0,0.0,0.0
21670,655,25,0.0,11,11,0,1970,tyrrell,278.0,0.0,13,0.0,0.0,0.0
21669,655,198,0.0,9,9,0,1970,mclaren-alfa_romeo,278.0,0.0,13,0.0,0.0,0.0
21666,655,86,0.0,10,10,0,1970,tomaso,278.0,0.0,13,0.0,0.0,0.0
21667,655,187,35.0,5,5,0,1970,mclaren-ford,278.0,0.12589928057553956,13,0.0,0.050359712230215826,0.03147482014388489
21663,655,82,23.0,7,7,0,1970,matra,278.0,0.08273381294964029,13,0.0,0.033093525179856115,0.02068345323741007
21660,655,6,52.0,2,2,4,1970,ferrari,278.0,0.18705035971223022,13,0.3076923076923077,0.25943552850027674,0.2775318206972883
21668,655,63,3.0,8,8,0,1970,surtees,278.0,0.01079136690647482,13,0.0,0.004316546762589929,0.002697841726618705
21380,666,6,7.0,6,6,0,1969,ferrari,214.0,0.03271028037383177,11,0.0,0.01308411214953271,0.008177570093457943
21386,666,180,47.0,3,3,2,1969,lotus-ford,214.0,0.21962616822429906,11,0.18181818181818182,0.1969413763806287,0.1912701784197111
21388,666,183,0.0,10,10,0,1969,brabham-climax,214.0,0.0,11,0.0,0.0,0.0
21379,666,182,49.0,2,2,2,1969,brabham-ford,214.0,0.22897196261682243,11,0.18181818181818182,0.20067969413763806,0.19360662701784195
21387,666,197,0.0,9,9,0,1969,brm-ford,214.0,0.0,11,0.0,0.0,0.0
21381,666,191,0.0,8,8,0,1969,brabham-repco,214.0,0.0,11,0.0,0.0,0.0
21382,666,187,38.0,4,4,1,1969,mclaren-ford,214.0,0.17757009345794392,11,0.09090909090909091,0.12557349192863212,0.11257434154630416
21383,666,66,7.0,5,5,0,1969,brm,214.0,0.03271028037383177,11,0.0,0.01308411214953271,0.008177570093457943
21384,666,196,66.0,1,1,6,1969,matra-ford,214.0,0.308411214953271,11,0.5454545454545454,0.4506372132540356,0.4861937128292268
21385,666,167,0.0,7,7,0,1969,cooper-maserati,214.0,0.0,11,0.0,0.0,0.0
21096,678,170,0.0,17,17,0,1968,cooper-climax,265.0,0.0,12,0.0,0.0,0.0
21095,678,89,0.0,16,16,0,1968,lds,265.0,0.0,12,0.0,0.0,0.0
21094,678,190,0.0,12,12,0,1968,eagle-weslake,265.0,0.0,12,0.0,0.0,0.0
21093,678,183,0.0,15,15,0,1968,brabham-climax,265.0,0.0,12,0.0,0.0,0.0
21091,678,167,0.0,11,11,0,1968,cooper-maserati,265.0,0.0,12,0.0,0.0,0.0
21090,678,196,45.0,3,3,3,1968,matra-ford,265.0,0.16981132075471697,12,0.25,0.2179245283018868,0.22995283018867924
21089,678,194,3.0,10,10,0,1968,mclaren-brm,265.0,0.011320754716981131,12,0.0,0.004528301886792453,0.002830188679245283
21088,678,6,32.0,4,4,1,1968,ferrari,265.0,0.12075471698113208,12,0.08333333333333333,0.09830188679245283,0.09268867924528301
21087,678,191,10.0,8,8,0,1968,brabham-repco,265.0,0.03773584905660377,12,0.0,0.01509433962264151,0.009433962264150943
21086,678,180,62.0,1,1,5,1968,lotus-ford,265.0,0.2339622641509434,12,0.4166666666666667,0.34358490566037736,0.37099056603773584
21102,678,1,0.0,14,14,0,1968,mclaren,265.0,0.0,12,0.0,0.0,0.0
21092,678,11,14.0,6,6,0,1968,honda,265.0,0.052830188679245285,12,0.0,0.021132075471698115,0.013207547169811321
21101,678,26,0.0,13,13,0,1968,lola,265.0,0.0,12,0.0,0.0,0.0
21100,678,82,8.0,9,9,0,1968,matra,265.0,0.03018867924528302,12,0.0,0.012075471698113209,0.007547169811320755
21099,678,187,49.0,2,2,3,1968,mclaren-ford,265.0,0.18490566037735848,12,0.25,0.2239622641509434,0.2337264150943396
21098,678,195,14.0,7,7,0,1968,cooper-brm,265.0,0.052830188679245285,12,0.0,0.021132075471698115,0.013207547169811321
21097,678,66,28.0,5,5,0,1968,brm,265.0,0.10566037735849057,12,0.0,0.04226415094339623,0.026415094339622643
20908,689,182,0.0,13,13,0,1967,brabham-ford,222.0,0.0,11,0.0,0.0,0.0
20915,689,184,0.0,15,15,0,1967,lds-climax,222.0,0.0,11,0.0,0.0,0.0
20914,689,193,0.0,20,20,0,1967,cooper-ats,222.0,0.0,11,0.0,0.0,0.0
20913,689,26,0.0,14,14,0,1967,lola,222.0,0.0,11,0.0,0.0,0.0
20912,689,82,0.0,18,18,0,1967,matra,222.0,0.0,11,0.0,0.0,0.0
20911,689,90,0.0,19,19,0,1967,protos,222.0,0.0,11,0.0,0.0,0.0
20910,689,189,0.0,17,17,0,1967,eagle-climax,222.0,0.0,11,0.0,0.0,0.0
20909,689,187,0.0,12,12,0,1967,mclaren-ford,222.0,0.0,11,0.0,0.0,0.0
20901,689,172,0.0,16,16,0,1967,lotus-climax,222.0,0.0,11,0.0,0.0,0.0
20897,689,191,63.0,1,1,4,1967,brabham-repco,222.0,0.28378378378378377,11,0.36363636363636365,0.3316953316953317,0.34367321867321865
20898,689,11,20.0,4,4,1,1967,honda,222.0,0.09009009009009009,11,0.09090909090909091,0.09058149058149058,0.09070434070434069
20899,689,170,6.0,9,9,0,1967,cooper-climax,222.0,0.02702702702702703,11,0.0,0.010810810810810811,0.006756756756756757
20900,689,167,28.0,3,3,1,1967,cooper-maserati,222.0,0.12612612612612611,11,0.09090909090909091,0.104995904995905,0.0997133497133497
20902,689,66,17.0,6,6,0,1967,brm,222.0,0.07657657657657657,11,0.0,0.03063063063063063,0.019144144144144143
20903,689,194,3.0,10,10,0,1967,mclaren-brm,222.0,0.013513513513513514,11,0.0,0.005405405405405406,0.0033783783783783786
20904,689,6,20.0,5,5,0,1967,ferrari,222.0,0.09009009009009009,11,0.0,0.036036036036036036,0.02252252252252252
20905,689,176,6.0,8,8,0,1967,lotus-brm,222.0,0.02702702702702703,11,0.0,0.010810810810810811,0.006756756756756757
20906,689,180,44.0,2,2,4,1967,lotus-ford,222.0,0.1981981981981982,11,0.36363636363636365,0.29746109746109745,0.32227682227682225
20907,689,190,13.0,7,7,1,1967,eagle-weslake,222.0,0.05855855855855856,11,0.09090909090909091,0.07796887796887797,0.08282145782145782
20896,689,183,2.0,11,11,0,1967,brabham-climax,222.0,0.009009009009009009,11,0.0,0.0036036036036036037,0.0022522522522522522
20730,698,6,31.0,2,2,2,1966,ferrari,158.0,0.1962025316455696,9,0.2222222222222222,0.21181434599156118,0.21571729957805907
20728,698,188,1.0,12,12,0,1966,mclaren-seren,158.0,0.006329113924050633,9,0.0,0.002531645569620253,0.0015822784810126582
20724,698,183,1.0,10,10,0,1966,brabham-climax,158.0,0.006329113924050633,9,0.0,0.002531645569620253,0.0015822784810126582
20732,698,190,0.0,14,14,0,1966,eagle-weslake,158.0,0.0,9,0.0,0.0,0.0
20731,698,11,3.0,8,8,0,1966,honda,158.0,0.0189873417721519,9,0.0,0.00759493670886076,0.004746835443037975
20727,698,192,0.0,13,13,0,1966,cooper-ferrari,158.0,0.0,9,0.0,0.0,0.0
20733,698,187,2.0,9,9,0,1966,mclaren-ford,158.0,0.012658227848101266,9,0.0,0.005063291139240506,0.0031645569620253164
20734,698,91,0.0,15,15,0,1966,shannon,158.0,0.0,9,0.0,0.0,0.0
20729,698,167,30.0,3,3,1,1966,cooper-maserati,158.0,0.189873417721519,9,0.1111111111111111,0.14261603375527426,0.1308016877637131
20726,698,189,4.0,7,7,0,1966,eagle-climax,158.0,0.02531645569620253,9,0.0,0.010126582278481013,0.006329113924050633
20720,698,191,42.0,1,1,4,1966,brabham-repco,158.0,0.26582278481012656,9,0.4444444444444444,0.3729957805907173,0.3997890295358649
20725,698,66,22.0,4,4,1,1966,brm,158.0,0.13924050632911392,9,0.1111111111111111,0.12236286919831224,0.11814345991561181
20721,698,176,13.0,5,5,1,1966,lotus-brm,158.0,0.08227848101265822,9,0.1111111111111111,0.09957805907172995,0.10390295358649788
20723,698,172,8.0,6,6,0,1966,lotus-climax,158.0,0.05063291139240506,9,0.0,0.020253164556962026,0.012658227848101266
20722,698,181,1.0,11,11,0,1966,brabham-brm,158.0,0.006329113924050633,9,0.0,0.002531645569620253,0.0015822784810126582
20501,708,185,0.0,11,11,0,1965,lds-alfa_romeo,184.0,0.0,10,0.0,0.0,0.0
20502,708,51,0.0,10,10,0,1965,alfa,184.0,0.0,10,0.0,0.0,0.0
20488,708,11,11.0,6,6,1,1965,honda,184.0,0.059782608695652176,10,0.1,0.08391304347826087,0.08994565217391305
20489,708,167,0.0,16,16,0,1965,cooper-maserati,184.0,0.0,10,0.0,0.0,0.0
20490,708,93,0.0,15,15,0,1965,re,184.0,0.0,10,0.0,0.0,0.0
20503,708,182,0.0,9,9,0,1965,brabham-ford,184.0,0.0,10,0.0,0.0,0.0
20492,708,184,0.0,13,13,0,1965,lds-climax,184.0,0.0,10,0.0,0.0,0.0
20493,708,186,0.0,12,12,0,1965,cooper-ford,184.0,0.0,10,0.0,0.0,0.0
20494,708,176,2.0,8,8,0,1965,lotus-brm,184.0,0.010869565217391304,10,0.0,0.004347826086956522,0.002717391304347826
20495,708,172,54.0,1,1,6,1965,lotus-climax,184.0,0.29347826086956524,10,0.6,0.47739130434782606,0.5233695652173913
20499,708,6,26.0,4,4,0,1965,ferrari,184.0,0.14130434782608695,10,0.0,0.05652173913043478,0.035326086956521736
20498,708,170,14.0,5,5,0,1965,cooper-climax,184.0,0.07608695652173914,10,0.0,0.030434782608695657,0.019021739130434784
20497,708,181,5.0,7,7,0,1965,brabham-brm,184.0,0.02717391304347826,10,0.0,0.010869565217391304,0.006793478260869565
20496,708,183,27.0,3,3,0,1965,brabham-climax,184.0,0.14673913043478262,10,0.0,0.05869565217391305,0.036684782608695655
20500,708,66,45.0,2,2,3,1965,brm,184.0,0.24456521739130435,10,0.3,0.2778260869565217,0.2861413043478261
20491,708,180,0.0,14,14,0,1965,lotus-ford,184.0,0.0,10,0.0,0.0,0.0
20163,718,66,42.0,2,2,2,1964,brm,185.0,0.22702702702702704,10,0.2,0.21081081081081082,0.20675675675675678
20164,718,172,37.0,3,3,3,1964,lotus-climax,185.0,0.2,10,0.3,0.26,0.27499999999999997
20165,718,170,16.0,5,5,0,1964,cooper-climax,185.0,0.08648648648648649,10,0.0,0.034594594594594595,0.021621621621621623
20166,718,176,3.0,8,8,0,1964,lotus-brm,185.0,0.016216216216216217,10,0.0,0.006486486486486487,0.004054054054054054
20167,718,183,30.0,4,4,2,1964,brabham-climax,185.0,0.16216216216216217,10,0.2,0.18486486486486486,0.19054054054054056
20169,718,94,5.0,7,7,0,1964,brp,185.0,0.02702702702702703,10,0.0,0.010810810810810811,0.006756756756756757
20168,718,6,45.0,1,1,3,1964,ferrari,185.0,0.24324324324324326,10,0.3,0.2772972972972973,0.2858108108108108
20171,718,181,7.0,6,6,0,1964,brabham-brm,185.0,0.03783783783783784,10,0.0,0.015135135135135137,0.00945945945945946
20175,718,96,0.0,11,11,0,1964,derrington,185.0,0.0,10,0.0,0.0,0.0
20174,718,11,0.0,9,9,0,1964,honda,185.0,0.0,10,0.0,0.0,0.0
20173,718,182,0.0,13,13,0,1964,brabham-ford,185.0,0.0,10,0.0,0.0,0.0
20172,718,95,0.0,12,12,0,1964,porsche,185.0,0.0,10,0.0,0.0,0.0
20170,718,92,0.0,10,10,0,1964,scirocco,185.0,0.0,10,0.0,0.0,0.0
19932,728,98,0.0,10,10,0,1963,stebro,184.0,0.0,10,0.0,0.0,0.0
19930,728,97,0.0,17,17,0,1963,gilby,184.0,0.0,10,0.0,0.0,0.0
19919,728,92,0.0,11,11,0,1963,scirocco,184.0,0.0,10,0.0,0.0,0.0
19920,728,54,0.0,12,12,0,1963,ats,184.0,0.0,10,0.0,0.0,0.0
19921,728,34,28.0,3,3,0,1963,brabham,184.0,0.15217391304347827,10,0.0,0.060869565217391314,0.03804347826086957
19922,728,26,0.0,9,9,0,1963,lola,184.0,0.0,10,0.0,0.0,0.0
19923,728,176,4.0,8,8,0,1963,lotus-brm,184.0,0.021739130434782608,10,0.0,0.008695652173913044,0.005434782608695652
19924,728,172,54.0,1,1,7,1963,lotus-climax,184.0,0.29347826086956524,10,0.7,0.5373913043478261,0.5983695652173913
19925,728,6,26.0,4,4,1,1963,ferrari,184.0,0.14130434782608695,10,0.1,0.11652173913043479,0.11032608695652174
19926,728,95,5.0,7,7,0,1963,porsche,184.0,0.02717391304347826,10,0.0,0.010869565217391304,0.006793478260869565
19927,728,66,36.0,2,2,2,1963,brm,184.0,0.1956521739130435,10,0.2,0.19826086956521738,0.1989130434782609
19929,728,94,6.0,6,6,0,1963,brp,184.0,0.03260869565217391,10,0.0,0.013043478260869566,0.008152173913043478
19936,728,177,0.0,20,20,0,1963,lotus-borgward,184.0,0.0,10,0.0,0.0,0.0
19934,728,173,0.0,22,22,0,1963,lotus-maserati,184.0,0.0,10,0.0,0.0,0.0
19940,728,89,0.0,13,13,0,1963,lds,184.0,0.0,10,0.0,0.0,0.0
19939,728,180,0.0,15,15,0,1963,lotus-ford,184.0,0.0,10,0.0,0.0,0.0
19928,728,170,25.0,5,5,0,1963,cooper-climax,184.0,0.1358695652173913,10,0.0,0.05434782608695652,0.033967391304347824
19937,728,86,0.0,18,18,0,1963,tomaso,184.0,0.0,10,0.0,0.0,0.0
19931,728,167,0.0,14,14,0,1963,cooper-maserati,184.0,0.0,10,0.0,0.0,0.0
19933,728,32,0.0,19,19,0,1963,team_lotus,184.0,0.0,10,0.0,0.0,0.0
19938,728,51,0.0,16,16,0,1963,alfa,184.0,0.0,10,0.0,0.0,0.0
19935,728,179,0.0,21,21,0,1963,de_tomaso-ferrari,184.0,0.0,10,0.0,0.0,0.0
19615,737,87,0.0,11,11,0,1962,cooper,169.0,0.0,9,0.0,0.0,0.0
19624,737,32,0.0,14,14,0,1962,team_lotus,169.0,0.0,9,0.0,0.0,0.0
19611,737,172,36.0,2,2,3,1962,lotus-climax,169.0,0.21301775147928995,9,0.3333333333333333,0.28520710059171595,0.3032544378698225
19610,737,6,18.0,6,6,0,1962,ferrari,169.0,0.10650887573964497,9,0.0,0.042603550295857995,0.026627218934911243
19616,737,97,0.0,15,15,0,1962,gilby,169.0,0.0,9,0.0,0.0,0.0
19617,737,34,6.0,7,7,0,1962,brabham,169.0,0.03550295857988166,9,0.0,0.014201183431952664,0.008875739644970414
19618,737,100,0.0,10,10,0,1962,enb,169.0,0.0,9,0.0,0.0,0.0
19614,737,66,42.0,1,1,4,1962,brm,169.0,0.2485207100591716,9,0.4444444444444444,0.3660749506903353,0.3954635108481262
19612,737,175,0.0,16,16,0,1962,de_tomaso-alfa_romeo,169.0,0.0,9,0.0,0.0,0.0
19622,737,86,0.0,18,18,0,1962,tomaso,169.0,0.0,9,0.0,0.0,0.0
19609,737,170,29.0,3,3,1,1962,cooper-climax,169.0,0.17159763313609466,9,0.1111111111111111,0.13530571992110452,0.12623274161735698
19608,737,95,18.0,5,5,1,1962,porsche,169.0,0.10650887573964497,9,0.1111111111111111,0.10927021696252466,0.10996055226824457
19607,737,99,0.0,9,9,0,1962,emeryson,169.0,0.0,9,0.0,0.0,0.0
19606,737,26,19.0,4,4,0,1962,lola,169.0,0.11242603550295859,9,0.0,0.04497041420118344,0.028106508875739646
19621,737,177,0.0,19,19,0,1962,lotus-borgward,169.0,0.0,9,0.0,0.0,0.0
19620,737,178,0.0,13,13,0,1962,cooper-alfa_romeo,169.0,0.0,9,0.0,0.0,0.0
19613,737,176,1.0,8,8,0,1962,lotus-brm,169.0,0.005917159763313609,9,0.0,0.002366863905325444,0.0014792899408284023
19619,737,89,0.0,12,12,0,1962,lds,169.0,0.0,9,0.0,0.0,0.0
19623,737,174,0.0,17,17,0,1962,de_tomaso-osca,169.0,0.0,9,0.0,0.0,0.0
19387,745,95,22.0,3,3,0,1961,porsche,123.0,0.17886178861788618,8,0.0,0.07154471544715447,0.044715447154471545
19397,745,175,0.0,9,9,0,1961,de_tomaso-alfa_romeo,123.0,0.0,8,0.0,0.0,0.0
19396,745,173,0.0,8,8,0,1961,lotus-maserati,123.0,0.0,8,0.0,0.0,0.0
19385,745,172,35.0,2,2,3,1961,lotus-climax,123.0,0.2845528455284553,8,0.375,0.3388211382113821,0.35238821138211385
19386,745,6,45.0,1,1,5,1961,ferrari,123.0,0.36585365853658536,8,0.625,0.5213414634146342,0.5602134146341463
19388,745,170,14.0,4,4,0,1961,cooper-climax,123.0,0.11382113821138211,8,0.0,0.04552845528455285,0.028455284552845527
19394,745,97,0.0,7,7,0,1961,gilby,123.0,0.0,8,0.0,0.0,0.0
19393,745,101,0.0,12,12,0,1961,jbw,123.0,0.0,8,0.0,0.0,0.0
19392,745,174,0.0,11,11,0,1961,de_tomaso-osca,123.0,0.0,8,0.0,0.0,0.0
19395,745,103,0.0,13,13,0,1961,mbm,123.0,0.0,8,0.0,0.0,0.0
19390,745,66,7.0,5,5,0,1961,brm,123.0,0.056910569105691054,8,0.0,0.022764227642276424,0.014227642276422764
19389,745,167,0.0,6,6,0,1961,cooper-maserati,123.0,0.0,8,0.0,0.0,0.0
19391,745,99,0.0,10,10,0,1961,emeryson,123.0,0.0,8,0.0,0.0,0.0
19127,755,66,8.0,4,4,0,1960,brm,123.0,0.06504065040650407,10,0.0,0.02601626016260163,0.016260162601626018
19134,755,106,0.0,9,9,0,1960,scarab,123.0,0.0,10,0.0,0.0,0.0
19128,755,32,34.0,2,2,2,1960,team_lotus,123.0,0.2764227642276423,10,0.2,0.23056910569105693,0.21910569105691058
19135,755,118,0.0,13,13,0,1960,vanwall,123.0,0.0,10,0.0,0.0,0.0
19132,755,105,0.0,11,11,0,1960,maserati,123.0,0.0,10,0.0,0.0,0.0
19126,755,6,26.0,3,3,1,1960,ferrari,123.0,0.21138211382113822,10,0.1,0.1445528455284553,0.12784552845528457
19136,755,95,1.0,7,7,0,1960,porsche,123.0,0.008130081300813009,10,0.0,0.0032520325203252037,0.0020325203252032522
19131,755,104,0.0,8,8,0,1960,behra-porsche,123.0,0.0,10,0.0,0.0,0.0
19130,755,101,0.0,12,12,0,1960,jbw,123.0,0.0,10,0.0,0.0,0.0
19133,755,171,3.0,6,6,0,1960,cooper-castellotti,123.0,0.024390243902439025,10,0.0,0.009756097560975611,0.006097560975609756
19125,755,167,3.0,5,5,0,1960,cooper-maserati,123.0,0.024390243902439025,10,0.0,0.009756097560975611,0.006097560975609756
19124,755,117,0.0,10,10,0,1960,aston_martin,123.0,0.0,10,0.0,0.0,0.0
19129,755,170,48.0,1,1,6,1960,cooper-climax,123.0,0.3902439024390244,10,0.6,0.5160975609756098,0.547560975609756
18919,764,6,32.0,2,2,2,1959,ferrari,95.0,0.3368421052631579,9,0.2222222222222222,0.26807017543859646,0.25087719298245614
18923,764,95,0.0,8,8,0,1959,porsche,95.0,0.0,9,0.0,0.0,0.0
18924,764,105,0.0,9,9,0,1959,maserati,95.0,0.0,9,0.0,0.0,0.0
18925,764,117,0.0,5,5,0,1959,aston_martin,95.0,0.0,9,0.0,0.0,0.0
18926,764,169,0.0,10,10,0,1959,cooper-borgward,95.0,0.0,9,0.0,0.0,0.0
18927,764,101,0.0,14,14,0,1959,jbw,95.0,0.0,9,0.0,0.0,0.0
18921,764,66,18.0,3,3,1,1959,brm,95.0,0.18947368421052632,9,0.1111111111111111,0.1424561403508772,0.1307017543859649
18920,764,167,0.0,6,6,0,1959,cooper-maserati,95.0,0.0,9,0.0,0.0,0.0
18928,764,118,0.0,15,15,0,1959,vanwall,95.0,0.0,9,0.0,0.0,0.0
18929,764,123,0.0,16,16,0,1959,fry,95.0,0.0,9,0.0,0.0,0.0
18930,764,113,0.0,7,7,0,1959,kurtis_kraft,95.0,0.0,9,0.0,0.0,0.0
18931,764,168,0.0,11,11,0,1959,cooper-osca,95.0,0.0,9,0.0,0.0,0.0
18932,764,124,0.0,12,12,0,1959,tec-mec,95.0,0.0,9,0.0,0.0,0.0
18933,764,125,0.0,13,13,0,1959,connaught,95.0,0.0,9,0.0,0.0,0.0
18922,764,32,5.0,4,4,0,1959,team_lotus,95.0,0.05263157894736842,9,0.0,0.021052631578947368,0.013157894736842105
18918,764,170,40.0,1,1,5,1959,cooper-climax,95.0,0.42105263157894735,9,0.5555555555555556,0.5017543859649123,0.5219298245614035
17847,775,118,48.0,1,1,6,1958,vanwall,146.0,0.3287671232876712,11,0.5454545454545454,0.45877957658779567,0.49128268991282686
17845,775,66,18.0,4,4,0,1958,brm,146.0,0.1232876712328767,11,0.0,0.049315068493150684,0.030821917808219176
17848,775,125,0.0,8,8,0,1958,connaught,146.0,0.0,11,0.0,0.0,0.0
17849,775,127,0.0,9,9,0,1958,osca,146.0,0.0,11,0.0,0.0,0.0
17850,775,95,0.0,7,7,0,1958,porsche,146.0,0.0,11,0.0,0.0,0.0
17846,775,32,3.0,6,6,0,1958,team_lotus,146.0,0.02054794520547945,11,0.0,0.00821917808219178,0.005136986301369863
17843,775,6,40.0,2,2,2,1958,ferrari,146.0,0.273972602739726,11,0.18181818181818182,0.21867995018679948,0.20485678704856786
17842,775,87,31.0,3,3,2,1958,cooper,146.0,0.21232876712328766,11,0.18181818181818182,0.19402241594022415,0.18944582814445826
17844,775,105,6.0,5,5,0,1958,maserati,146.0,0.0410958904109589,11,0.0,0.01643835616438356,0.010273972602739725
24754,859,9,650.0,1,1,12,2011,red_bull,1919.0,0.33871808233454925,19,0.631578947368421,0.5144346013548723,0.5583637311099531
24762,859,3,5.0,9,9,0,2011,williams,1919.0,0.0026055237102657635,19,0.0,0.0010422094841063055,0.0006513809275664409
24763,859,131,165.0,4,4,0,2011,mercedes,1919.0,0.0859822824387702,19,0.0,0.03439291297550808,0.02149557060969255
24764,859,15,44.0,7,7,0,2011,sauber,1919.0,0.022928608650338717,19,0.0,0.009171443460135487,0.005732152162584679
24765,859,164,0.0,11,11,0,2011,hrt,1919.0,0.0,19,0.0,0.0,0.0
24760,859,205,0.0,10,10,0,2011,lotus_racing,1919.0,0.0,19,0.0,0.0,0.0
24761,859,166,0.0,12,12,0,2011,virgin,1919.0,0.0,19,0.0,0.0,0.0
24755,859,1,497.0,2,2,6,2011,mclaren,1919.0,0.2589890568004169,19,0.3157894736842105,0.29306930693069305,0.3015893694632621
24756,859,4,73.0,5,5,0,2011,renault,1919.0,0.03804064616988015,19,0.0,0.01521625846795206,0.009510161542470037
24757,859,6,375.0,3,3,1,2011,ferrari,1919.0,0.19541427826993227,19,0.05263157894736842,0.10974465867639396,0.08832725377800937
24758,859,5,41.0,8,8,0,2011,toro_rosso,1919.0,0.02136529442417926,19,0.0,0.008546117769671705,0.005341323606044815
24759,859,10,69.0,6,6,0,2011,force_india,1919.0,0.03595622720166754,19,0.0,0.014382490880667016,0.008989056800416884
25130,879,131,142.0,5,5,1,2012,mercedes,2020.0,0.0702970297029703,20,0.05,0.05811881188118812,0.05507425742574258
25123,879,1,378.0,3,3,7,2012,mclaren,2020.0,0.18712871287128713,20,0.35,0.2848514851485148,0.3092821782178217
25124,879,9,460.0,1,1,7,2012,red_bull,2020.0,0.22772277227722773,20,0.35,0.3010891089108911,0.3194306930693069
25125,879,6,400.0,2,2,3,2012,ferrari,2020.0,0.19801980198019803,20,0.15,0.16920792079207922,0.16200495049504948
25126,879,15,126.0,6,6,0,2012,sauber,2020.0,0.062376237623762376,20,0.0,0.024950495049504952,0.015594059405940594
25129,879,10,109.0,7,7,0,2012,force_india,2020.0,0.05396039603960396,20,0.0,0.021584158415841586,0.01349009900990099
25127,879,208,303.0,4,4,1,2012,lotus_f1,2020.0,0.15,20,0.05,0.09,0.07500000000000001
25128,879,5,26.0,9,9,0,2012,toro_rosso,2020.0,0.01287128712871287,20,0.0,0.005148514851485149,0.0032178217821782176
25132,879,206,0.0,11,11,0,2012,marussia,2020.0,0.0,20,0.0,0.0,0.0
25133,879,207,0.0,10,10,0,2012,caterham,2020.0,0.0,20,0.0,0.0,0.0
25134,879,164,0.0,12,12,0,2012,hrt,2020.0,0.0,20,0.0,0.0,0.0
25131,879,3,76.0,8,8,1,2012,williams,2020.0,0.03762376237623762,20,0.05,0.04504950495049505,0.04690594059405941
25344,899,208,315.0,4,4,1,2013,lotus_f1,1919.0,0.1641479937467431,19,0.05263157894736842,0.09723814486711829,0.08051068264721209
25345,899,6,354.0,3,3,2,2013,ferrari,1919.0,0.18447107868681606,19,0.10526315789473684,0.13694632621156852,0.12506513809275666
25347,899,131,360.0,2,2,3,2013,mercedes,1919.0,0.18759770713913496,19,0.15789473684210525,0.16977592496091715,0.1653204794163627
25348,899,10,77.0,6,6,0,2013,force_india,1919.0,0.040125065138092754,19,0.0,0.0160500260552371,0.010031266284523188
25346,899,9,596.0,1,1,13,2013,red_bull,1919.0,0.310578426263679,19,0.6842105263157895,0.5347576862949452,0.5908025013027619
25350,899,5,33.0,8,8,0,2013,toro_rosso,1919.0,0.017196456487754037,19,0.0,0.006878582595101615,0.004299114121938509
25351,899,15,57.0,7,7,0,2013,sauber,1919.0,0.0297029702970297,19,0.0,0.011881188118811881,0.007425742574257425
25352,899,3,5.0,9,9,0,2013,williams,1919.0,0.0026055237102657635,19,0.0,0.0010422094841063055,0.0006513809275664409
25354,899,207,0.0,11,11,0,2013,caterham,1919.0,0.0,19,0.0,0.0,0.0
25353,899,206,0.0,10,10,0,2013,marussia,1919.0,0.0,19,0.0,0.0,0.0
25349,899,1,122.0,5,5,0,2013,mclaren,1919.0,0.06357477853048463,19,0.0,0.02542991141219385,0.015893694632621157
26138,918,207,0.0,11,11,0,2014,caterham,2020.0,0.0,19,0.0,0.0,0.0
26139,918,9,405.0,2,2,3,2014,red_bull,2020.0,0.2004950495049505,19,0.15789473684210525,0.17493486190724336,0.16854481500781657
26137,918,208,10.0,8,8,0,2014,lotus_f1,2020.0,0.0049504950495049506,19,0.0,0.0019801980198019802,0.0012376237623762376
26131,918,6,216.0,4,4,0,2014,ferrari,2020.0,0.10693069306930693,19,0.0,0.042772277227722776,0.026732673267326732
26135,918,15,0.0,10,10,0,2014,sauber,2020.0,0.0,19,0.0,0.0,0.0
26134,918,5,30.0,7,7,0,2014,toro_rosso,2020.0,0.01485148514851485,19,0.0,0.005940594059405941,0.0037128712871287127
26133,918,10,155.0,6,6,0,2014,force_india,2020.0,0.07673267326732673,19,0.0,0.030693069306930693,0.019183168316831683
26132,918,3,320.0,3,3,0,2014,williams,2020.0,0.15841584158415842,19,0.0,0.06336633663366337,0.039603960396039604
26130,918,1,181.0,5,5,0,2014,mclaren,2020.0,0.0896039603960396,19,0.0,0.03584158415841584,0.0224009900990099
26129,918,131,701.0,1,1,16,2014,mercedes,2020.0,0.347029702970297,19,0.8421052631578947,0.6440750390828556,0.7183363731109953
26136,918,206,2.0,9,9,0,2014,marussia,2020.0,0.0009900990099009901,19,0.0,0.00039603960396039607,0.00024752475247524753
26427,945,6,428.0,2,2,3,2015,ferrari,1919.0,0.22303282959874934,19,0.15789473684210525,0.1839499739447629,0.17417926003126627
26426,945,131,703.0,1,1,16,2015,mercedes,1919.0,0.36633663366336633,19,0.8421052631578947,0.6517978113600833,0.7231631057842626
26430,945,9,187.0,4,4,0,2015,red_bull,1919.0,0.09744658676393955,19,0.0,0.038978634705575825,0.024361646690984888
26432,945,5,67.0,7,7,0,2015,toro_rosso,1919.0,0.03491401771756123,19,0.0,0.013965607087024493,0.008728504429390308
26433,945,1,27.0,9,9,0,2015,mclaren,1919.0,0.014069828035435123,19,0.0,0.005627931214174049,0.0035174570088587808
26435,945,209,0.0,10,10,0,2015,manor,1919.0,0.0,19,0.0,0.0,0.0
26429,945,15,36.0,8,8,0,2015,sauber,1919.0,0.018759770713913496,19,0.0,0.007503908285565399,0.004689942678478374
26434,945,208,78.0,6,6,0,2015,lotus_f1,1919.0,0.04064616988014591,19,0.0,0.016258467952058365,0.010161542470036478
26431,945,10,136.0,5,5,0,2015,force_india,1919.0,0.07087024491922876,19,0.0,0.028348097967691506,0.01771756122980719
26428,945,3,257.0,3,3,0,2015,williams,1919.0,0.13392391870766024,19,0.0,0.0535695674830641,0.03348097967691506
26730,968,1,76.0,6,6,0,2016,mclaren,2121.0,0.03583215464403583,21,0.0,0.014332861857614333,0.008958038661008957
26732,968,209,1.0,11,11,0,2016,manor,2121.0,0.0004714757190004715,21,0.0,0.0001885902876001886,0.00011786892975011787
26731,968,15,2.0,10,10,0,2016,sauber,2121.0,0.000942951438000943,21,0.0,0.0003771805752003772,0.00023573785950023574
26728,968,5,63.0,7,7,0,2016,toro_rosso,2121.0,0.0297029702970297,21,0.0,0.011881188118811881,0.007425742574257425
26727,968,10,173.0,4,4,0,2016,force_india,2121.0,0.08156529938708157,21,0.0,0.03262611975483263,0.020391324846770392
26726,968,210,29.0,8,8,0,2016,haas,2121.0,0.013672795851013672,21,0.0,0.00546911834040547,0.003418198962753418
26725,968,3,138.0,5,5,0,2016,williams,2121.0,0.06506364922206506,21,0.0,0.026025459688826025,0.016265912305516265
26722,968,131,765.0,1,1,19,2016,mercedes,2121.0,0.3606789250353607,21,0.9047619047619048,0.6871287128712871,0.7687411598302688
26723,968,6,398.0,3,3,0,2016,ferrari,2121.0,0.18764733616218765,21,0.0,0.07505893446487506,0.04691183404054691
26724,968,9,468.0,2,2,2,2016,red_bull,2121.0,0.22065063649222066,21,0.09523809523809523,0.1454031117397454,0.12659123055162658
26729,968,4,8.0,9,9,0,2016,renault,2121.0,0.003771805752003772,21,0.0,0.0015087223008015088,0.000942951438000943
26932,988,210,47.0,8,8,0,2017,haas,2020.0,0.023267326732673267,20,0.0,0.009306930693069307,0.005816831683168317
26930,988,15,5.0,10,10,0,2017,sauber,2020.0,0.0024752475247524753,20,0.0,0.0009900990099009901,0.0006188118811881188
26931,988,1,30.0,9,9,0,2017,mclaren,2020.0,0.01485148514851485,20,0.0,0.005940594059405941,0.0037128712871287127
26928,988,5,53.0,7,7,0,2017,toro_rosso,2020.0,0.026237623762376237,20,0.0,0.010495049504950496,0.006559405940594059
26926,988,3,83.0,5,5,0,2017,williams,2020.0,0.04108910891089109,20,0.0,0.016435643564356436,0.010272277227722773
26925,988,9,368.0,3,3,3,2017,red_bull,2020.0,0.18217821782178217,20,0.15,0.16287128712871285,0.15804455445544552
26924,988,131,668.0,1,1,12,2017,mercedes,2020.0,0.3306930693069307,20,0.6,0.49227722772277227,0.5326732673267326
26923,988,6,522.0,2,2,5,2017,ferrari,2020.0,0.2584158415841584,20,0.25,0.25336633663366337,0.2521039603960396
26929,988,4,57.0,6,6,0,2017,renault,2020.0,0.02821782178217822,20,0.0,0.011287128712871288,0.007054455445544555
26927,988,10,187.0,4,4,0,2017,force_india,2020.0,0.09257425742574257,20,0.0,0.03702970297029703,0.023143564356435643
27177,1009,4,122.0,4,4,0,2018,renault,2062.0,0.05916585838991271,21,0.0,0.023666343355965083,0.014791464597478177
27178,1009,10,52.0,7,7,0,2018,force_india,2062.0,0.02521823472356935,21,0.0,0.01008729388942774,0.006304558680892337
27179,1009,15,48.0,8,8,0,2018,sauber,2062.0,0.023278370514064017,21,0.0,0.009311348205625607,0.005819592628516004
27180,1009,3,7.0,10,10,0,2018,williams,2062.0,0.0033947623666343357,21,0.0,0.0013579049466537344,0.0008486905916585839
27181,1009,5,33.0,9,9,0,2018,toro_rosso,2062.0,0.01600387972841901,21,0.0,0.006401551891367605,0.004000969932104753
27182,1009,210,93.0,5,5,0,2018,haas,2062.0,0.04510184287099903,21,0.0,0.018040737148399613,0.011275460717749758
27176,1009,1,62.0,6,6,0,2018,mclaren,2062.0,0.030067895247332686,21,0.0,0.012027158098933075,0.007516973811833172
27173,1009,6,571.0,2,2,6,2018,ferrari,2062.0,0.2769156159068865,21,0.2857142857142857,0.28219481779132605,0.2835146182624359
27174,1009,131,655.0,1,1,11,2018,mercedes,2062.0,0.3176527643064985,21,0.5238095238095238,0.4413468200083137,0.47227033393376755
27175,1009,9,419.0,3,3,4,2018,red_bull,2062.0,0.2032007759456838,21,0.19047619047619047,0.19556602466398781,0.1936573368435638
27462,1030,3,1.0,10,10,0,2019,williams,2140.0,0.00046728971962616824,21,0.0,0.0001869158878504673,0.00011682242990654206
27461,1030,1,145.0,4,4,0,2019,mclaren,2140.0,0.06775700934579439,21,0.0,0.027102803738317756,0.016939252336448597
27457,1030,4,91.0,5,5,0,2019,renault,2140.0,0.04252336448598131,21,0.0,0.017009345794392526,0.010630841121495328
27459,1030,211,73.0,7,7,0,2019,racing_point,2140.0,0.03411214953271028,21,0.0,0.013644859813084113,0.00852803738317757
27458,1030,51,57.0,8,8,0,2019,alfa,2140.0,0.02663551401869159,21,0.0,0.010654205607476637,0.006658878504672897
27456,1030,210,28.0,9,9,0,2019,haas,2140.0,0.013084112149532711,21,0.0,0.005233644859813084,0.0032710280373831778
27455,1030,6,504.0,2,2,3,2019,ferrari,2140.0,0.23551401869158878,21,0.14285714285714285,0.17991989319092122,0.16602136181575433
27454,1030,9,417.0,3,3,3,2019,red_bull,2140.0,0.19485981308411215,21,0.14285714285714285,0.16365821094793057,0.1558578104138852
27460,1030,5,85.0,6,6,0,2019,toro_rosso,2140.0,0.0397196261682243,21,0.0,0.01588785046728972,0.009929906542056074
27453,1030,131,739.0,1,1,15,2019,mercedes,2140.0,0.3453271028037383,21,0.7142857142857143,0.5667022696929238,0.6220460614152202
27653,1047,131,573.0,1,1,13,2020,mercedes,1719.0,0.3333333333333333,17,0.7647058823529411,0.5921568627450979,0.6568627450980392
27662,1047,210,3.0,9,9,0,2020,haas,1719.0,0.0017452006980802793,17,0.0,0.0006980802792321117,0.0004363001745200698
27661,1047,9,319.0,2,2,2,2020,red_bull,1719.0,0.18557300756253636,17,0.11764705882352941,0.14481743831913219,0.13462854600828114
27659,1047,51,8.0,8,8,0,2020,alfa,1719.0,0.004653868528214078,17,0.0,0.0018615474112856313,0.0011634671320535194
27658,1047,4,181.0,5,5,0,2020,renault,1719.0,0.10529377545084351,17,0.0,0.04211751018033741,0.026323443862710877
27657,1047,213,107.0,7,7,1,2020,alphatauri,1719.0,0.062245491564863295,17,0.058823529411764705,0.060192314273004144,0.05967901995003935
27656,1047,211,195.0,4,4,1,2020,racing_point,1719.0,0.11343804537521815,17,0.058823529411764705,0.08066933579714608,0.07247715840262806
27655,1047,1,202.0,3,3,0,2020,mclaren,1719.0,0.11751018033740547,17,0.0,0.04700407213496219,0.029377545084351368
27654,1047,6,131.0,6,6,0,2020,ferrari,1719.0,0.07620709714950552,17,0.0,0.03048283885980221,0.01905177428737638
27660,1047,3,0.0,10,10,0,2020,williams,1719.0,0.0,17,0.0,0.0,0.0
27932,1073,210,0.0,10,10,0,2021,haas,2207.5,0.0,22,0.0,0.0,0.0
27931,1073,3,23.0,8,8,0,2021,williams,2207.5,0.010419026047565118,22,0.0,0.004167610419026048,0.0026047565118912795
27930,1073,214,155.0,5,5,1,2021,alpine,2207.5,0.07021517553793885,22,0.045454545454545456,0.05535879748790282,0.0516447029753938
27928,1073,117,77.0,7,7,0,2021,aston_martin,2207.5,0.03488108720271801,22,0.0,0.013952434881087203,0.008720271800679502
27927,1073,213,142.0,6,6,0,2021,alphatauri,2207.5,0.06432616081540204,22,0.0,0.02573046432616082,0.01608154020385051
27926,1073,6,323.5,3,3,0,2021,ferrari,2207.5,0.1465458663646659,22,0.0,0.05861834654586637,0.036636466591166476
27925,1073,1,275.0,4,4,1,2021,mclaren,2207.5,0.1245753114382786,22,0.045454545454545456,0.07710285184803871,0.06523473695047874
27924,1073,9,585.5,2,2,11,2021,red_bull,2207.5,0.2652321630804077,22,0.5,0.4060928652321631,0.44130804077010194
27923,1073,131,613.5,1,1,9,2021,mercedes,2207.5,0.27791619479048696,22,0.4090909090909091,0.35662102337074025,0.37629723051580355
27929,1073,51,13.0,9,9,0,2021,alfa,2207.5,0.005889014722536806,22,0.0,0.0023556058890147227,0.0014722536806342015
28393,1096,6,554.0,2,2,4,2022,ferrari,2350.0,0.23574468085106384,22,0.18181818181818182,0.20338878143133463,0.1952998065764023
28394,1096,131,515.0,3,3,1,2022,mercedes,2350.0,0.21914893617021278,22,0.045454545454545456,0.11493230174081238,0.08887814313346229
28395,1096,210,37.0,8,8,0,2022,haas,2350.0,0.01574468085106383,22,0.0,0.006297872340425533,0.003936170212765958
28396,1096,51,55.0,6,6,0,2022,alfa,2350.0,0.023404255319148935,22,0.0,0.009361702127659575,0.005851063829787234
28397,1096,214,173.0,4,4,0,2022,alpine,2350.0,0.07361702127659575,22,0.0,0.0294468085106383,0.018404255319148938
28398,1096,213,35.0,9,9,0,2022,alphatauri,2350.0,0.014893617021276596,22,0.0,0.005957446808510639,0.003723404255319149
28399,1096,117,55.0,7,7,0,2022,aston_martin,2350.0,0.023404255319148935,22,0.0,0.009361702127659575,0.005851063829787234
28400,1096,3,8.0,10,10,0,2022,williams,2350.0,0.003404255319148936,22,0.0,0.0013617021276595745,0.000851063829787234
28401,1096,1,159.0,5,5,0,2022,mclaren,2350.0,0.06765957446808511,22,0.0,0.027063829787234046,0.016914893617021278
28402,1096,9,759.0,1,1,17,2022,red_bull,2350.0,0.3229787234042553,22,0.7727272727272727,0.5928278529980657,0.6602901353965184
28703,1120,9,860.0,1,1,21,2023,red_bull,2458.0,0.3498779495524817,22,0.9545454545454546,0.7126784525482655,0.8033785782972114
28704,1120,117,280.0,5,5,0,2023,aston_martin,2458.0,0.11391375101708706,22,0.0,0.045565500406834825,0.028478437754271765
28705,1120,6,406.0,3,3,1,2023,ferrari,2458.0,0.16517493897477625,22,0.045454545454545456,0.09334270286263777,0.07538464383460315
28706,1120,131,409.0,2,2,0,2023,mercedes,2458.0,0.16639544344995932,22,0.0,0.06655817737998374,0.04159886086248983
28708,1120,214,120.0,6,6,0,2023,alpine,2458.0,0.04882017900732303,22,0.0,0.019528071602929215,0.012205044751830757
28709,1120,3,28.0,7,7,0,2023,williams,2458.0,0.011391375101708706,22,0.0,0.004556550040683483,0.0028478437754271765
28710,1120,213,25.0,8,8,0,2023,alphatauri,2458.0,0.01017087062652563,22,0.0,0.0040683482506102524,0.0025427176566314076
28711,1120,210,12.0,10,10,0,2023,haas,2458.0,0.004882017900732303,22,0.0,0.0019528071602929213,0.0012205044751830757
28712,1120,1,302.0,4,4,0,2023,mclaren,2458.0,0.12286411716842961,22,0.0,0.04914564686737185,0.030716029292107403
28707,1120,51,16.0,9,9,0,2023,alfa,2458.0,0.006509357200976403,22,0.0,0.0026037428803905617,0.0016273393002441008
28981,1144,3,17.0,9,9,0,2024,williams,2659.0,0.006393380970289583,24,0.0,0.0025573523881158335,0.0015983452425723957
28973,1144,9,589.0,3,3,9,2024,red_bull,2659.0,0.22151184655885672,24,0.375,0.31360473862354266,0.3366279616397142
28974,1144,6,652.0,2,2,5,2024,ferrari,2659.0,0.2452049642722828,24,0.20833333333333334,0.22308198570891313,0.2175512410680707
28975,1144,131,468.0,4,4,4,2024,mercedes,2659.0,0.17600601729973675,24,0.16666666666666666,0.1704024069198947,0.1690015043249342
28976,1144,1,666.0,1,1,6,2024,mclaren,2659.0,0.25047010154193305,24,0.25,0.25018804061677324,0.25011752538548326
28977,1144,117,94.0,5,5,0,2024,aston_martin,2659.0,0.03535163595336593,24,0.0,0.014140654381346372,0.008837908988341482
28978,1144,15,4.0,10,10,0,2024,sauber,2659.0,0.001504324934185784,24,0.0,0.0006017299736743137,0.000376081233546446
28979,1144,210,58.0,7,7,0,2024,haas,2659.0,0.02181271154569387,24,0.0,0.008725084618277548,0.005453177886423468
28980,1144,215,46.0,8,8,0,2024,rb,2659.0,0.017299736743136517,24,0.0,0.006919894697254608,0.004324934185784129
28982,1144,214,65.0,6,6,0,2024,alpine,2659.0,0.024445280180518992,24,0.0,0.009778112072207598,0.006111320045129748
