year,constructorRef,driver_name,Races,Wins,Podiums,Points,Team_Points,Teammate_Dominance,Point_Rank,Second_Driver_Points
1950,alfa,Juan Fangio,7,3,3,27.0,85.0,0.3176470588235294,3.0,28.0
1950,alfa,Luigi Fagioli,6,0,5,28.0,85.0,0.32941176470588235,2.0,28.0
1950,alfa,Nino Farina,6,3,3,30.0,85.0,0.35294117647058826,1.0,28.0
1951,alfa,Juan Fangio,8,3,5,37.0,59.0,0.6271186440677966,1.0,22.0
1951,alfa,Nino Farina,8,1,4,22.0,59.0,0.3728813559322034,2.0,22.0
1951,ferrari,Alberto Ascari,8,2,4,28.0,83.0,0.3373493975903614,1.0,27.0
1951,ferrari,José Froilán González,5,1,5,27.0,83.0,0.3253012048192771,2.0,27.0
1951,ferrari,Luigi Villoresi,7,0,3,18.0,83.0,0.21686746987951808,3.0,27.0
1951,ferrari,Piero Taruffi,5,0,1,10.0,83.0,0.12048192771084337,4.0,27.0
1952,ferrari,Alberto Ascari,7,6,6,53.5,112.5,0.47555555555555556,1.0,27.0
1952,ferrari,Nino Farina,8,0,4,27.0,112.5,0.24,2.0,27.0
1952,ferrari,Piero Taruffi,6,1,3,22.0,112.5,0.19555555555555557,3.0,27.0
1952,ferrari,Rudi Fischer,5,0,2,10.0,112.5,0.08888888888888889,4.0,27.0
1953,ferrari,Alberto Ascari,9,5,5,46.5,122.5,0.3795918367346939,1.0,32.0
1953,ferrari,Louis Rosier,7,0,0,0.0,122.5,0.0,5.0,32.0
1953,ferrari,Luigi Villoresi,9,0,3,17.0,122.5,0.13877551020408163,4.0,32.0
1953,ferrari,Mike Hawthorn,8,1,3,27.0,122.5,0.22040816326530613,3.0,32.0
1953,ferrari,Nino Farina,8,1,5,32.0,122.5,0.2612244897959184,2.0,32.0
1953,maserati,Felice Bonetto,8,0,1,6.5,61.5,0.10569105691056911,4.0,14.5
1953,maserati,José Froilán González,6,0,3,14.5,61.5,0.23577235772357724,2.0,14.5
1953,maserati,Juan Fangio,10,1,4,29.5,61.5,0.4796747967479675,1.0,14.5
1953,maserati,Onofre Marimón,6,0,1,4.0,61.5,0.06504065040650407,5.0,14.5
1953,maserati,Toulo de Graffenried,7,0,0,7.0,61.5,0.11382113821138211,3.0,14.5
1954,ferrari,José Froilán González,9,1,5,26.64,72.28,0.3685666851134477,1.0,24.64
1954,ferrari,Maurice Trintignant,8,0,2,17.0,72.28,0.23519645821804094,3.0,24.64
1954,ferrari,Mike Hawthorn,9,1,4,24.64,72.28,0.3408965135583841,2.0,24.64
1954,ferrari,Robert Manzon,6,0,1,4.0,72.28,0.05534034311012728,4.0,24.64
1954,mercedes,Hans Herrmann,5,0,1,8.0,60.14,0.13302294645826404,3.0,12.0
1954,mercedes,Juan Fangio,6,4,5,40.14,60.14,0.6674426338543399,1.0,12.0
1954,mercedes,Karl Kling,6,0,1,12.0,60.14,0.19953441968739608,2.0,12.0
1955,mercedes,Juan Fangio,6,4,5,41.0,69.0,0.5942028985507246,1.0,23.0
1955,mercedes,Karl Kling,6,0,1,5.0,69.0,0.07246376811594203,3.0,23.0
1955,mercedes,Stirling Moss,7,1,3,23.0,69.0,0.3333333333333333,2.0,23.0
1956,ferrari,Alfonso de Portago,5,0,1,3.0,70.0,0.04285714285714286,4.0,25.0
1956,ferrari,Eugenio Castellotti,9,0,1,7.5,70.0,0.10714285714285714,3.0,25.0
1956,ferrari,Juan Fangio,10,3,5,34.5,70.0,0.4928571428571429,1.0,25.0
1956,ferrari,Peter Collins,8,2,5,25.0,70.0,0.35714285714285715,2.0,25.0
1956,maserati,Cesare Perdisa,5,0,1,3.0,63.0,0.047619047619047616,4.0,22.0
1956,maserati,Jean Behra,8,0,5,22.0,63.0,0.3492063492063492,2.0,22.0
1956,maserati,Louis Rosier,5,0,0,2.0,63.0,0.031746031746031744,5.0,22.0
1956,maserati,Luigi Villoresi,5,0,0,2.0,63.0,0.031746031746031744,5.0,22.0
1956,maserati,Paco Godia,5,0,0,6.0,63.0,0.09523809523809523,3.0,22.0
1956,maserati,Stirling Moss,9,2,4,28.0,63.0,0.4444444444444444,1.0,22.0
1957,maserati,Harry Schell,9,0,1,10.0,62.0,0.16129032258064516,2.0,10.0
1957,maserati,Horace Gould,6,0,0,0.0,62.0,0.0,4.0,10.0
1957,maserati,Jean Behra,6,0,1,6.0,62.0,0.0967741935483871,3.0,10.0
1957,maserati,Juan Fangio,7,4,6,46.0,62.0,0.7419354838709677,1.0,10.0
1958,ferrari,Luigi Musso,5,0,2,12.0,84.0,0.14285714285714285,3.0,14.0
1958,ferrari,Mike Hawthorn,10,1,7,49.0,84.0,0.5833333333333334,1.0,14.0
1958,ferrari,Peter Collins,7,1,2,14.0,84.0,0.16666666666666666,2.0,14.0
1958,ferrari,Wolfgang von Trips,6,0,1,9.0,84.0,0.10714285714285714,4.0,14.0
1958,vanwall,Stirling Moss,9,3,4,33.0,68.0,0.4852941176470588,1.0,24.0
1958,vanwall,Stuart Lewis-Evans,8,0,2,11.0,68.0,0.16176470588235295,3.0,24.0
1958,vanwall,Tony Brooks,10,3,3,24.0,68.0,0.35294117647058826,2.0,24.0
1959,cooper-climax,Bruce McLaren,7,1,2,16.5,97.5,0.16923076923076924,4.0,19.0
1959,cooper-climax,Jack Brabham,8,2,5,34.0,97.5,0.3487179487179487,1.0,19.0
1959,cooper-climax,Masten Gregory,6,0,2,10.0,97.5,0.10256410256410256,5.0,19.0
1959,cooper-climax,Maurice Trintignant,8,0,2,19.0,97.5,0.19487179487179487,2.0,19.0
1959,cooper-climax,Stirling Moss,6,2,2,18.0,97.5,0.18461538461538463,3.0,19.0
1960,cooper-climax,Bruce McLaren,8,1,6,37.0,97.0,0.38144329896907214,2.0,37.0
1960,cooper-climax,Jack Brabham,8,5,5,43.0,97.0,0.44329896907216493,1.0,37.0
1960,cooper-climax,Olivier Gendebien,5,0,2,10.0,97.0,0.10309278350515463,3.0,37.0
1960,cooper-climax,Tony Brooks,6,0,0,7.0,97.0,0.07216494845360824,4.0,37.0
1961,ferrari,Phil Hill,7,2,6,38.0,87.0,0.4367816091954023,1.0,33.0
1961,ferrari,Richie Ginther,7,0,3,16.0,87.0,0.1839080459770115,3.0,33.0
1961,ferrari,Wolfgang von Trips,7,2,4,33.0,87.0,0.3793103448275862,2.0,33.0
1962,brm,Graham Hill,9,4,6,52.0,62.0,0.8387096774193549,1.0,10.0
1962,brm,Richie Ginther,9,0,2,10.0,62.0,0.16129032258064516,2.0,10.0
1963,brm,Graham Hill,10,2,5,29.0,65.0,0.4461538461538462,2.0,29.0
1963,brm,Lorenzo Bandini,5,0,0,2.0,65.0,0.03076923076923077,3.0,29.0
1963,brm,Richie Ginther,10,0,5,34.0,65.0,0.5230769230769231,1.0,29.0
1963,lotus-climax,Jim Clark,10,7,9,73.0,74.0,0.9864864864864865,1.0,1.0
1963,lotus-climax,Trevor Taylor,9,0,0,1.0,74.0,0.013513513513513514,2.0,1.0
1964,brm,Giancarlo Baghetti,7,0,0,0.0,70.0,0.0,5.0,23.0
1964,brm,Graham Hill,10,2,5,41.0,70.0,0.5857142857142857,1.0,23.0
1964,brm,Maurice Trintignant,5,0,0,2.0,70.0,0.02857142857142857,4.0,23.0
1964,brm,Richie Ginther,10,0,2,23.0,70.0,0.32857142857142857,2.0,23.0
1964,brm,Tony Maggs,5,0,0,4.0,70.0,0.05714285714285714,3.0,23.0
1964,ferrari,John Surtees,10,2,6,40.0,63.0,0.6349206349206349,1.0,23.0
1964,ferrari,Lorenzo Bandini,10,1,4,23.0,63.0,0.36507936507936506,2.0,23.0
1965,brm,Graham Hill,10,2,6,47.0,81.0,0.5802469135802469,1.0,34.0
1965,brm,Jackie Stewart,10,1,5,34.0,81.0,0.41975308641975306,2.0,34.0
1965,lotus-climax,Jim Clark,9,6,6,54.0,64.0,0.84375,1.0,10.0
1965,lotus-climax,Mike Spence,9,0,1,10.0,64.0,0.15625,2.0,10.0
1966,brabham-repco,Denny Hulme,7,0,4,18.0,63.0,0.2857142857142857,2.0,18.0
1966,brabham-repco,Jack Brabham,9,4,5,45.0,63.0,0.7142857142857143,1.0,18.0
1967,brabham-repco,Denny Hulme,11,2,8,51.0,100.0,0.51,1.0,48.0
1967,brabham-repco,Guy Ligier,5,0,0,1.0,100.0,0.01,3.0,48.0
1967,brabham-repco,Jack Brabham,11,2,6,48.0,100.0,0.48,2.0,48.0
1967,lotus-ford,Graham Hill,9,0,1,9.0,50.0,0.18,2.0,9.0
1967,lotus-ford,Jim Clark,9,4,5,41.0,50.0,0.82,1.0,9.0
1968,lotus-ford,Graham Hill,12,3,6,48.0,66.0,0.7272727272727273,1.0,12.0
1968,lotus-ford,Jackie Oliver,9,0,1,6.0,66.0,0.09090909090909091,3.0,12.0
1968,lotus-ford,Jo Siffert,11,1,1,12.0,66.0,0.18181818181818182,2.0,12.0
1968,mclaren-ford,Bruce McLaren,10,1,3,22.0,53.0,0.41509433962264153,2.0,22.0
1968,mclaren-ford,Denny Hulme,10,2,3,31.0,53.0,0.5849056603773585,1.0,22.0
1969,brabham-ford,Jack Brabham,8,0,2,14.0,68.0,0.20588235294117646,3.0,16.0
1969,brabham-ford,Jacky Ickx,11,2,5,37.0,68.0,0.5441176470588235,1.0,16.0
1969,brabham-ford,Piers Courage,10,0,2,16.0,68.0,0.23529411764705882,2.0,16.0
1969,brabham-ford,Silvio Moser,7,0,0,1.0,68.0,0.014705882352941176,4.0,16.0
1969,lotus-ford,Graham Hill,10,1,2,19.0,56.0,0.3392857142857143,2.0,19.0
1969,lotus-ford,Jo Siffert,11,0,2,15.0,56.0,0.26785714285714285,3.0,19.0
1969,lotus-ford,Jochen Rindt,10,1,3,22.0,56.0,0.39285714285714285,1.0,19.0
1969,lotus-ford,John Miles,5,0,0,0.0,56.0,0.0,4.0,19.0
1969,matra-ford,Jackie Stewart,11,6,7,63.0,84.0,0.75,1.0,21.0
1969,matra-ford,Jean-Pierre Beltoise,10,0,3,21.0,84.0,0.25,2.0,21.0
1970,ferrari,Clay Regazzoni,8,1,4,33.0,73.0,0.4520547945205479,2.0,33.0
1970,ferrari,Jacky Ickx,13,3,5,40.0,73.0,0.547945205479452,1.0,33.0
1970,march,Chris Amon,13,0,3,23.0,53.0,0.4339622641509434,2.0,23.0
1970,march,François Cevert,9,0,0,1.0,53.0,0.018867924528301886,4.0,23.0
1970,march,Jackie Stewart,10,1,4,25.0,53.0,0.4716981132075472,1.0,23.0
1970,march,Jo Siffert,13,0,0,0.0,53.0,0.0,5.0,23.0
1970,march,Mario Andretti,5,0,1,4.0,53.0,0.07547169811320754,3.0,23.0
1970,march,Ronnie Peterson,9,0,0,0.0,53.0,0.0,5.0,23.0
1970,team_lotus,Emerson Fittipaldi,6,1,1,12.0,66.0,0.18181818181818182,2.0,12.0
1970,team_lotus,Graham Hill,12,0,0,7.0,66.0,0.10606060606060606,3.0,12.0
1970,team_lotus,Jochen Rindt,10,5,5,45.0,66.0,0.6818181818181818,1.0,12.0
1970,team_lotus,John Miles,10,0,0,2.0,66.0,0.030303030303030304,4.0,12.0
1971,tyrrell,François Cevert,11,1,4,26.0,88.0,0.29545454545454547,2.0,26.0
1971,tyrrell,Jackie Stewart,11,6,7,62.0,88.0,0.7045454545454546,1.0,26.0
1972,mclaren,Denny Hulme,12,1,7,39.0,62.0,0.6290322580645161,1.0,23.0
1972,mclaren,Peter Revson,9,0,4,23.0,62.0,0.3709677419354839,2.0,23.0
1972,team_lotus,David Walker,10,0,0,0.0,61.0,0.0,2.0,0.0
1972,team_lotus,Emerson Fittipaldi,12,5,8,61.0,61.0,1.0,1.0,0.0
1972,tyrrell,François Cevert,12,0,2,15.0,60.0,0.25,2.0,15.0
1972,tyrrell,Jackie Stewart,11,4,5,45.0,60.0,0.75,1.0,15.0
1973,mclaren,Denny Hulme,15,1,3,26.0,64.0,0.40625,2.0,26.0
1973,mclaren,Jody Scheckter,5,0,0,0.0,64.0,0.0,3.0,26.0
1973,mclaren,Peter Revson,14,2,4,38.0,64.0,0.59375,1.0,26.0
1973,team_lotus,Emerson Fittipaldi,15,3,8,55.0,107.0,0.514018691588785,1.0,52.0
1973,team_lotus,Ronnie Peterson,15,4,7,52.0,107.0,0.48598130841121495,2.0,52.0
1973,tyrrell,François Cevert,15,0,7,47.0,118.0,0.3983050847457627,2.0,47.0
1973,tyrrell,Jackie Stewart,15,5,8,71.0,118.0,0.6016949152542372,1.0,47.0
1974,ferrari,Clay Regazzoni,15,1,7,52.0,90.0,0.5777777777777777,1.0,38.0
1974,ferrari,Niki Lauda,15,2,5,38.0,90.0,0.4222222222222222,2.0,38.0
1974,mclaren,Denny Hulme,15,1,2,20.0,87.0,0.22988505747126436,2.0,20.0
1974,mclaren,Emerson Fittipaldi,15,3,7,55.0,87.0,0.632183908045977,1.0,20.0
1974,mclaren,Mike Hailwood,11,0,1,12.0,87.0,0.13793103448275862,3.0,20.0
1974,tyrrell,Jody Scheckter,15,2,6,45.0,59.0,0.7627118644067796,1.0,14.0
1974,tyrrell,Patrick Depailler,15,0,1,14.0,59.0,0.23728813559322035,2.0,14.0
1975,brabham,Carlos Pace,14,1,3,24.0,61.0,0.39344262295081966,2.0,24.0
1975,brabham,Carlos Reutemann,14,1,6,37.0,61.0,0.6065573770491803,1.0,24.0
1975,ferrari,Clay Regazzoni,14,1,3,25.0,89.5,0.27932960893854747,2.0,25.0
1975,ferrari,Niki Lauda,14,5,8,64.5,89.5,0.7206703910614525,1.0,25.0
1975,mclaren,Emerson Fittipaldi,14,2,6,45.0,65.0,0.6923076923076923,1.0,20.0
1975,mclaren,Jochen Mass,14,1,4,20.0,65.0,0.3076923076923077,2.0,20.0
1976,ferrari,Clay Regazzoni,15,1,4,31.0,99.0,0.31313131313131315,2.0,31.0
1976,ferrari,Niki Lauda,14,5,9,68.0,99.0,0.6868686868686869,1.0,31.0
1976,mclaren,James Hunt,16,6,8,69.0,88.0,0.7840909090909091,1.0,19.0
1976,mclaren,Jochen Mass,16,0,2,19.0,88.0,0.2159090909090909,2.0,19.0
1976,tyrrell,Jody Scheckter,16,1,5,49.0,88.0,0.5568181818181818,1.0,39.0
1976,tyrrell,Patrick Depailler,16,0,7,39.0,88.0,0.4431818181818182,2.0,39.0
1977,ferrari,Carlos Reutemann,17,1,6,42.0,114.0,0.3684210526315789,2.0,42.0
1977,ferrari,Niki Lauda,15,3,10,72.0,114.0,0.631578947368421,1.0,42.0
1977,mclaren,Brett Lunger,9,0,0,0.0,65.0,0.0,3.0,25.0
1977,mclaren,Emilio de Villota,7,0,0,0.0,65.0,0.0,3.0,25.0
1977,mclaren,James Hunt,17,3,5,40.0,65.0,0.6153846153846154,1.0,25.0
1977,mclaren,Jochen Mass,17,0,2,25.0,65.0,0.38461538461538464,2.0,25.0
1977,team_lotus,Gunnar Nilsson,17,1,2,20.0,67.0,0.29850746268656714,2.0,20.0
1977,team_lotus,Mario Andretti,17,4,5,47.0,67.0,0.7014925373134329,1.0,20.0
1977,wolf,Jody Scheckter,17,3,9,55.0,55.0,1.0,1.0,
1978,brabham,John Watson,16,0,3,25.0,69.0,0.36231884057971014,2.0,25.0
1978,brabham,Niki Lauda,16,2,7,44.0,69.0,0.6376811594202898,1.0,25.0
1978,ferrari,Carlos Reutemann,16,4,7,48.0,65.0,0.7384615384615385,1.0,17.0
1978,ferrari,Gilles Villeneuve,16,1,2,17.0,65.0,0.26153846153846155,2.0,17.0
1978,team_lotus,Hector Rebaque,16,0,0,1.0,116.0,0.008620689655172414,3.0,51.0
1978,team_lotus,Mario Andretti,16,6,7,64.0,116.0,0.5517241379310345,1.0,51.0
1978,team_lotus,Ronnie Peterson,14,2,7,51.0,116.0,0.4396551724137931,2.0,51.0
1979,ferrari,Gilles Villeneuve,15,3,7,53.0,113.0,0.4690265486725664,2.0,53.0
1979,ferrari,Jody Scheckter,15,3,6,60.0,113.0,0.5309734513274337,1.0,53.0
1979,ligier,Jacky Ickx,8,0,0,3.0,61.0,0.04918032786885246,3.0,22.0
1979,ligier,Jacques Laffite,15,2,6,36.0,61.0,0.5901639344262295,1.0,22.0
1979,ligier,Patrick Depailler,7,1,2,22.0,61.0,0.36065573770491804,2.0,22.0
1979,williams,Alan Jones,15,4,5,43.0,75.0,0.5733333333333334,1.0,32.0
1979,williams,Clay Regazzoni,15,1,5,32.0,75.0,0.4266666666666667,2.0,32.0
1980,brabham,Hector Rebaque,7,0,0,1.0,55.0,0.01818181818181818,2.0,1.0
1980,brabham,Nelson Piquet,14,3,6,54.0,55.0,0.9818181818181818,1.0,1.0
1980,brabham,Ricardo Zunino,7,0,0,0.0,55.0,0.0,3.0,1.0
1980,ligier,Didier Pironi,14,1,5,32.0,66.0,0.48484848484848486,2.0,32.0
1980,ligier,Jacques Laffite,14,1,5,34.0,66.0,0.5151515151515151,1.0,32.0
1980,williams,Alan Jones,14,5,10,71.0,120.0,0.5916666666666667,1.0,49.0
1980,williams,Carlos Reutemann,14,1,8,49.0,120.0,0.4083333333333333,2.0,49.0
1980,williams,Rupert Keegan,7,0,0,0.0,120.0,0.0,3.0,49.0
1981,brabham,Hector Rebaque,15,0,0,11.0,61.0,0.18032786885245902,2.0,11.0
1981,brabham,Nelson Piquet,15,3,7,50.0,61.0,0.819672131147541,1.0,11.0
1981,renault,Alain Prost,15,3,6,43.0,54.0,0.7962962962962963,1.0,11.0
1981,renault,René Arnoux,15,0,1,11.0,54.0,0.2037037037037037,2.0,11.0
1981,williams,Alan Jones,15,2,6,46.0,95.0,0.4842105263157895,2.0,46.0
1981,williams,Carlos Reutemann,15,2,7,49.0,95.0,0.5157894736842106,1.0,46.0
1982,ferrari,Didier Pironi,12,2,6,39.0,70.0,0.5571428571428572,1.0,25.0
1982,ferrari,Gilles Villeneuve,5,0,1,6.0,70.0,0.08571428571428572,3.0,25.0
1982,ferrari,Patrick Tambay,8,1,3,25.0,70.0,0.35714285714285715,2.0,25.0
1982,mclaren,John Watson,15,2,5,39.0,69.0,0.5652173913043478,1.0,30.0
1982,mclaren,Niki Lauda,14,2,3,30.0,69.0,0.43478260869565216,2.0,30.0
1982,renault,Alain Prost,16,2,4,34.0,62.0,0.5483870967741935,1.0,28.0
1982,renault,René Arnoux,16,2,4,28.0,62.0,0.45161290322580644,2.0,28.0
1982,williams,Derek Daly,12,0,0,8.0,52.0,0.15384615384615385,2.0,8.0
1982,williams,Keke Rosberg,15,1,6,44.0,52.0,0.8461538461538461,1.0,8.0
1983,brabham,Nelson Piquet,15,3,8,59.0,72.0,0.8194444444444444,1.0,13.0
1983,brabham,Riccardo Patrese,15,1,2,13.0,72.0,0.18055555555555555,2.0,13.0
1983,ferrari,Patrick Tambay,15,1,5,40.0,89.0,0.449438202247191,2.0,40.0
1983,ferrari,René Arnoux,15,3,7,49.0,89.0,0.550561797752809,1.0,40.0
1983,renault,Alain Prost,15,4,7,57.0,79.0,0.7215189873417721,1.0,22.0
1983,renault,Eddie Cheever,15,0,4,22.0,79.0,0.27848101265822783,2.0,22.0
1984,ferrari,Michele Alboreto,16,1,4,30.5,57.5,0.5304347826086957,1.0,27.0
1984,ferrari,René Arnoux,16,0,4,27.0,57.5,0.46956521739130436,2.0,27.0
1984,mclaren,Alain Prost,16,7,9,71.5,143.5,0.49825783972125437,2.0,71.5
1984,mclaren,Niki Lauda,16,5,9,72.0,143.5,0.5017421602787456,1.0,71.5
1985,ferrari,Michele Alboreto,16,2,8,53.0,79.0,0.6708860759493671,1.0,26.0
1985,ferrari,Stefan Johansson,15,0,2,26.0,79.0,0.3291139240506329,2.0,26.0
1985,mclaren,Alain Prost,16,5,11,76.0,90.0,0.8444444444444444,1.0,14.0
1985,mclaren,Niki Lauda,14,1,1,14.0,90.0,0.15555555555555556,2.0,14.0
1985,team_lotus,Ayrton Senna,16,2,6,38.0,71.0,0.5352112676056338,1.0,33.0
1985,team_lotus,Elio de Angelis,16,1,3,33.0,71.0,0.4647887323943662,2.0,33.0
1985,williams,Keke Rosberg,16,2,5,40.0,71.0,0.5633802816901409,1.0,31.0
1985,williams,Nigel Mansell,16,2,3,31.0,71.0,0.43661971830985913,2.0,31.0
1986,mclaren,Alain Prost,16,4,11,74.0,96.0,0.7708333333333334,1.0,22.0
1986,mclaren,Keke Rosberg,16,0,1,22.0,96.0,0.22916666666666666,2.0,22.0
1986,team_lotus,Ayrton Senna,16,2,8,55.0,58.0,0.9482758620689655,1.0,3.0
1986,team_lotus,Johnny Dumfries,16,0,0,3.0,58.0,0.05172413793103448,2.0,3.0
1986,williams,Nelson Piquet,16,4,10,69.0,141.0,0.48936170212765956,2.0,69.0
1986,williams,Nigel Mansell,16,5,9,72.0,141.0,0.5106382978723404,1.0,69.0
1987,ferrari,Gerhard Berger,16,2,3,36.0,53.0,0.6792452830188679,1.0,17.0
1987,ferrari,Michele Alboreto,16,0,3,17.0,53.0,0.32075471698113206,2.0,17.0
1987,mclaren,Alain Prost,16,3,7,46.0,76.0,0.6052631578947368,1.0,30.0
1987,mclaren,Stefan Johansson,16,0,5,30.0,76.0,0.39473684210526316,2.0,30.0
1987,team_lotus,Ayrton Senna,16,2,8,57.0,64.0,0.890625,1.0,7.0
1987,team_lotus,Satoru Nakajima,16,0,0,7.0,64.0,0.109375,2.0,7.0
1987,williams,Nelson Piquet,16,3,11,76.0,137.0,0.5547445255474452,1.0,61.0
1987,williams,Nigel Mansell,15,6,7,61.0,137.0,0.44525547445255476,2.0,61.0
1988,ferrari,Gerhard Berger,16,1,5,41.0,65.0,0.6307692307692307,1.0,24.0
1988,ferrari,Michele Alboreto,16,0,3,24.0,65.0,0.36923076923076925,2.0,24.0
1988,mclaren,Alain Prost,16,7,14,105.0,199.0,0.5276381909547738,1.0,94.0
1988,mclaren,Ayrton Senna,16,8,11,94.0,199.0,0.4723618090452261,2.0,94.0
1989,ferrari,Gerhard Berger,15,1,3,21.0,59.0,0.3559322033898305,2.0,21.0
1989,ferrari,Nigel Mansell,15,2,6,38.0,59.0,0.6440677966101694,1.0,21.0
1989,mclaren,Alain Prost,16,4,11,81.0,141.0,0.574468085106383,1.0,60.0
1989,mclaren,Ayrton Senna,16,6,7,60.0,141.0,0.425531914893617,2.0,60.0
1989,williams,Riccardo Patrese,16,0,6,40.0,77.0,0.5194805194805194,1.0,37.0
1989,williams,Thierry Boutsen,16,2,5,37.0,77.0,0.4805194805194805,2.0,37.0
1990,benetton,Alessandro Nannini,14,0,3,21.0,65.0,0.3230769230769231,2.0,21.0
1990,benetton,Nelson Piquet,16,2,4,44.0,65.0,0.676923076923077,1.0,21.0
1990,ferrari,Alain Prost,16,5,9,73.0,110.0,0.6636363636363637,1.0,37.0
1990,ferrari,Nigel Mansell,16,1,5,37.0,110.0,0.33636363636363636,2.0,37.0
1990,mclaren,Ayrton Senna,16,6,11,78.0,121.0,0.6446280991735537,1.0,43.0
1990,mclaren,Gerhard Berger,16,0,7,43.0,121.0,0.35537190082644626,2.0,43.0
1990,williams,Riccardo Patrese,16,1,1,23.0,57.0,0.40350877192982454,2.0,23.0
1990,williams,Thierry Boutsen,16,1,3,34.0,57.0,0.5964912280701754,1.0,23.0
1991,ferrari,Alain Prost,15,0,5,34.0,55.0,0.6181818181818182,1.0,21.0
1991,ferrari,Jean Alesi,16,0,3,21.0,55.0,0.38181818181818183,2.0,21.0
1991,mclaren,Ayrton Senna,16,7,12,96.0,139.0,0.6906474820143885,1.0,43.0
1991,mclaren,Gerhard Berger,16,1,6,43.0,139.0,0.30935251798561153,2.0,43.0
1991,williams,Nigel Mansell,16,5,9,72.0,125.0,0.576,1.0,53.0
1991,williams,Riccardo Patrese,16,2,8,53.0,125.0,0.424,2.0,53.0
1992,benetton,Martin Brundle,16,0,5,38.0,91.0,0.4175824175824176,2.0,38.0
1992,benetton,Michael Schumacher,16,1,8,53.0,91.0,0.5824175824175825,1.0,38.0
1992,mclaren,Ayrton Senna,16,3,7,50.0,99.0,0.5050505050505051,1.0,49.0
1992,mclaren,Gerhard Berger,16,2,5,49.0,99.0,0.494949494949495,2.0,49.0
1992,williams,Nigel Mansell,16,9,12,108.0,164.0,0.6585365853658537,1.0,56.0
1992,williams,Riccardo Patrese,16,1,9,56.0,164.0,0.34146341463414637,2.0,56.0
1993,benetton,Michael Schumacher,16,1,9,52.0,72.0,0.7222222222222222,1.0,20.0
1993,benetton,Riccardo Patrese,16,0,2,20.0,72.0,0.2777777777777778,2.0,20.0
1993,mclaren,Ayrton Senna,16,5,7,73.0,80.0,0.9125,1.0,7.0
1993,mclaren,Michael Andretti,13,0,1,7.0,80.0,0.0875,2.0,7.0
1993,williams,Alain Prost,16,7,12,99.0,168.0,0.5892857142857143,1.0,69.0
1993,williams,Damon Hill,16,3,10,69.0,168.0,0.4107142857142857,2.0,69.0
1994,benetton,Jos Verstappen,10,0,2,10.0,103.0,0.0970873786407767,2.0,10.0
1994,benetton,Jyrki Järvilehto,6,0,0,1.0,103.0,0.009708737864077669,3.0,10.0
1994,benetton,Michael Schumacher,14,8,10,92.0,103.0,0.8932038834951457,1.0,10.0
1994,ferrari,Gerhard Berger,16,1,6,41.0,65.0,0.6307692307692307,1.0,24.0
1994,ferrari,Jean Alesi,14,0,4,24.0,65.0,0.36923076923076925,2.0,24.0
1994,williams,Damon Hill,16,6,11,91.0,105.0,0.8666666666666667,1.0,14.0
1994,williams,David Coulthard,8,0,1,14.0,105.0,0.13333333333333333,2.0,14.0
1995,benetton,Johnny Herbert,17,2,4,45.0,147.0,0.30612244897959184,2.0,45.0
1995,benetton,Michael Schumacher,17,9,11,102.0,147.0,0.6938775510204082,1.0,45.0
1995,ferrari,Gerhard Berger,17,0,6,31.0,73.0,0.4246575342465753,2.0,31.0
1995,ferrari,Jean Alesi,17,1,5,42.0,73.0,0.5753424657534246,1.0,31.0
1995,williams,Damon Hill,17,4,9,69.0,118.0,0.5847457627118644,1.0,49.0
1995,williams,David Coulthard,17,1,8,49.0,118.0,0.4152542372881356,2.0,49.0
1996,benetton,Gerhard Berger,16,0,2,21.0,68.0,0.3088235294117647,2.0,21.0
1996,benetton,Jean Alesi,16,0,8,47.0,68.0,0.6911764705882353,1.0,21.0
1996,ferrari,Eddie Irvine,16,0,1,11.0,70.0,0.15714285714285714,2.0,11.0
1996,ferrari,Michael Schumacher,16,3,8,59.0,70.0,0.8428571428571429,1.0,11.0
1996,williams,Damon Hill,16,8,10,97.0,175.0,0.5542857142857143,1.0,78.0
1996,williams,Jacques Villeneuve,16,4,11,78.0,175.0,0.44571428571428573,2.0,78.0
1997,benetton,Gerhard Berger,14,1,2,27.0,63.0,0.42857142857142855,2.0,27.0
1997,benetton,Jean Alesi,17,0,5,36.0,63.0,0.5714285714285714,1.0,27.0
1997,ferrari,Eddie Irvine,17,0,5,24.0,102.0,0.23529411764705882,2.0,24.0
1997,ferrari,Michael Schumacher,17,5,8,78.0,102.0,0.7647058823529411,1.0,24.0
1997,mclaren,David Coulthard,17,2,4,36.0,63.0,0.5714285714285714,1.0,27.0
1997,mclaren,Mika Häkkinen,17,1,3,27.0,63.0,0.42857142857142855,2.0,27.0
1997,williams,Heinz-Harald Frentzen,17,1,7,42.0,123.0,0.34146341463414637,2.0,42.0
1997,williams,Jacques Villeneuve,17,7,8,81.0,123.0,0.6585365853658537,1.0,42.0
1998,ferrari,Eddie Irvine,16,0,8,47.0,133.0,0.3533834586466165,2.0,47.0
1998,ferrari,Michael Schumacher,16,6,11,86.0,133.0,0.6466165413533834,1.0,47.0
1998,mclaren,David Coulthard,16,1,9,56.0,156.0,0.358974358974359,2.0,56.0
1998,mclaren,Mika Häkkinen,16,8,11,100.0,156.0,0.6410256410256411,1.0,56.0
1999,ferrari,Eddie Irvine,16,4,9,74.0,128.0,0.578125,1.0,44.0
1999,ferrari,Michael Schumacher,10,2,6,44.0,128.0,0.34375,2.0,44.0
1999,ferrari,Mika Salo,6,0,2,10.0,128.0,0.078125,3.0,44.0
1999,jordan,Damon Hill,16,0,0,7.0,61.0,0.11475409836065574,2.0,7.0
1999,jordan,Heinz-Harald Frentzen,16,2,6,54.0,61.0,0.8852459016393442,1.0,7.0
1999,mclaren,David Coulthard,16,2,6,48.0,124.0,0.3870967741935484,2.0,48.0
1999,mclaren,Mika Häkkinen,16,5,10,76.0,124.0,0.6129032258064516,1.0,48.0
2000,ferrari,Michael Schumacher,17,9,12,108.0,170.0,0.6352941176470588,1.0,62.0
2000,ferrari,Rubens Barrichello,17,1,9,62.0,170.0,0.36470588235294116,2.0,62.0
2000,mclaren,David Coulthard,17,3,11,73.0,162.0,0.4506172839506173,2.0,73.0
2000,mclaren,Mika Häkkinen,17,4,11,89.0,162.0,0.5493827160493827,1.0,73.0
2001,ferrari,Michael Schumacher,17,9,14,123.0,179.0,0.6871508379888268,1.0,56.0
2001,ferrari,Rubens Barrichello,17,0,10,56.0,179.0,0.3128491620111732,2.0,56.0
2001,mclaren,David Coulthard,17,2,10,65.0,102.0,0.6372549019607843,1.0,37.0
2001,mclaren,Mika Häkkinen,17,2,3,37.0,102.0,0.3627450980392157,2.0,37.0
2001,williams,Juan Pablo Montoya,17,1,4,31.0,80.0,0.3875,2.0,31.0
2001,williams,Ralf Schumacher,17,3,5,49.0,80.0,0.6125,1.0,31.0
2002,ferrari,Michael Schumacher,17,11,17,144.0,221.0,0.6515837104072398,1.0,77.0
2002,ferrari,Rubens Barrichello,17,4,10,77.0,221.0,0.34841628959276016,2.0,77.0
2002,mclaren,David Coulthard,17,1,6,41.0,65.0,0.6307692307692307,1.0,24.0
2002,mclaren,Kimi Räikkönen,17,0,4,24.0,65.0,0.36923076923076925,2.0,24.0
2002,williams,Juan Pablo Montoya,17,0,7,50.0,92.0,0.5434782608695652,1.0,42.0
2002,williams,Ralf Schumacher,17,1,6,42.0,92.0,0.45652173913043476,2.0,42.0
2003,ferrari,Michael Schumacher,16,6,8,93.0,158.0,0.5886075949367089,1.0,65.0
2003,ferrari,Rubens Barrichello,16,2,8,65.0,158.0,0.41139240506329117,2.0,65.0
2003,mclaren,David Coulthard,16,1,3,51.0,142.0,0.3591549295774648,2.0,51.0
2003,mclaren,Kimi Räikkönen,16,1,10,91.0,142.0,0.6408450704225352,1.0,51.0
2003,renault,Fernando Alonso,16,1,4,55.0,88.0,0.625,1.0,33.0
2003,renault,Jarno Trulli,16,0,1,33.0,88.0,0.375,2.0,33.0
2003,williams,Juan Pablo Montoya,16,2,9,82.0,140.0,0.5857142857142857,1.0,58.0
2003,williams,Ralf Schumacher,15,2,3,58.0,140.0,0.4142857142857143,2.0,58.0
2004,bar,Jenson Button,18,0,10,85.0,119.0,0.7142857142857143,1.0,34.0
2004,bar,Takuma Sato,18,0,1,34.0,119.0,0.2857142857142857,2.0,34.0
2004,ferrari,Michael Schumacher,18,13,15,148.0,262.0,0.5648854961832062,1.0,114.0
2004,ferrari,Rubens Barrichello,18,2,14,114.0,262.0,0.4351145038167939,2.0,114.0
2004,mclaren,David Coulthard,18,0,0,24.0,69.0,0.34782608695652173,2.0,24.0
2004,mclaren,Kimi Räikkönen,18,1,4,45.0,69.0,0.6521739130434783,1.0,24.0
2004,renault,Fernando Alonso,18,0,4,59.0,105.0,0.5619047619047619,1.0,46.0
2004,renault,Jarno Trulli,15,1,2,46.0,105.0,0.4380952380952381,2.0,46.0
2004,williams,Juan Pablo Montoya,18,1,3,58.0,82.0,0.7073170731707317,1.0,24.0
2004,williams,Ralf Schumacher,12,0,1,24.0,82.0,0.2926829268292683,2.0,24.0
2005,ferrari,Michael Schumacher,19,1,5,62.0,100.0,0.62,1.0,38.0
2005,ferrari,Rubens Barrichello,19,0,4,38.0,100.0,0.38,2.0,38.0
2005,mclaren,Juan Pablo Montoya,17,3,5,60.0,172.0,0.3488372093023256,2.0,60.0
2005,mclaren,Kimi Räikkönen,19,7,12,112.0,172.0,0.6511627906976745,1.0,60.0
2005,renault,Fernando Alonso,19,7,15,133.0,191.0,0.6963350785340314,1.0,58.0
2005,renault,Giancarlo Fisichella,19,1,3,58.0,191.0,0.3036649214659686,2.0,58.0
2005,toyota,Jarno Trulli,19,0,3,43.0,88.0,0.48863636363636365,2.0,43.0
2005,toyota,Ralf Schumacher,18,0,2,45.0,88.0,0.5113636363636364,1.0,43.0
2005,williams,Antônio Pizzonia,5,0,0,2.0,66.0,0.030303030303030304,3.0,28.0
2005,williams,Mark Webber,19,0,1,36.0,66.0,0.5454545454545454,1.0,28.0
2005,williams,Nick Heidfeld,14,0,3,28.0,66.0,0.42424242424242425,2.0,28.0
2006,ferrari,Felipe Massa,18,2,7,80.0,201.0,0.39800995024875624,2.0,80.0
2006,ferrari,Michael Schumacher,18,7,12,121.0,201.0,0.6019900497512438,1.0,80.0
2006,honda,Jenson Button,18,1,3,56.0,86.0,0.6511627906976745,1.0,30.0
2006,honda,Rubens Barrichello,18,0,0,30.0,86.0,0.3488372093023256,2.0,30.0
2006,mclaren,Juan Pablo Montoya,10,0,2,26.0,110.0,0.23636363636363636,2.0,26.0
2006,mclaren,Kimi Räikkönen,18,0,6,65.0,110.0,0.5909090909090909,1.0,26.0
2006,mclaren,Pedro de la Rosa,8,0,1,19.0,110.0,0.17272727272727273,3.0,26.0
2006,renault,Fernando Alonso,18,7,14,134.0,206.0,0.6504854368932039,1.0,72.0
2006,renault,Giancarlo Fisichella,18,1,5,72.0,206.0,0.34951456310679613,2.0,72.0
2007,bmw_sauber,Nick Heidfeld,17,0,2,61.0,100.0,0.61,1.0,39.0
2007,bmw_sauber,Robert Kubica,16,0,0,39.0,100.0,0.39,2.0,39.0
2007,ferrari,Felipe Massa,17,3,10,94.0,204.0,0.46078431372549017,2.0,94.0
2007,ferrari,Kimi Räikkönen,17,6,12,110.0,204.0,0.5392156862745098,1.0,94.0
2007,mclaren,Fernando Alonso,17,4,12,109.0,218.0,0.5,1.0,
2007,mclaren,Lewis Hamilton,17,4,12,109.0,218.0,0.5,1.0,
2007,renault,Giancarlo Fisichella,17,0,0,21.0,51.0,0.4117647058823529,2.0,21.0
2007,renault,Heikki Kovalainen,17,0,1,30.0,51.0,0.5882352941176471,1.0,21.0
2008,bmw_sauber,Nick Heidfeld,18,0,4,60.0,135.0,0.4444444444444444,2.0,60.0
2008,bmw_sauber,Robert Kubica,18,1,7,75.0,135.0,0.5555555555555556,1.0,60.0
2008,ferrari,Felipe Massa,18,6,10,97.0,172.0,0.563953488372093,1.0,75.0
2008,ferrari,Kimi Räikkönen,18,2,9,75.0,172.0,0.436046511627907,2.0,75.0
2008,mclaren,Heikki Kovalainen,18,1,3,53.0,151.0,0.3509933774834437,2.0,53.0
2008,mclaren,Lewis Hamilton,18,5,10,98.0,151.0,0.6490066225165563,1.0,53.0
2008,renault,Fernando Alonso,18,2,3,61.0,80.0,0.7625,1.0,19.0
2008,renault,Nelson Piquet Jr.,18,0,1,19.0,80.0,0.2375,2.0,19.0
2008,toyota,Jarno Trulli,18,0,1,31.0,56.0,0.5535714285714286,1.0,25.0
2008,toyota,Timo Glock,18,0,1,25.0,56.0,0.44642857142857145,2.0,25.0
2009,brawn,Jenson Button,17,6,9,95.0,172.0,0.5523255813953488,1.0,77.0
2009,brawn,Rubens Barrichello,17,2,6,77.0,172.0,0.4476744186046512,2.0,77.0
2009,ferrari,Felipe Massa,10,0,1,22.0,70.0,0.3142857142857143,2.0,22.0
2009,ferrari,Giancarlo Fisichella,5,0,0,0.0,70.0,0.0,3.0,22.0
2009,ferrari,Kimi Räikkönen,17,1,5,48.0,70.0,0.6857142857142857,1.0,22.0
2009,mclaren,Heikki Kovalainen,17,0,0,22.0,71.0,0.30985915492957744,2.0,22.0
2009,mclaren,Lewis Hamilton,17,2,5,49.0,71.0,0.6901408450704225,1.0,22.0
2009,red_bull,Mark Webber,17,2,8,69.5,153.5,0.4527687296416938,2.0,69.5
2009,red_bull,Sebastian Vettel,17,4,8,84.0,153.5,0.5472312703583062,1.0,69.5
2009,toyota,Jarno Trulli,17,0,3,32.5,56.5,0.5752212389380531,1.0,24.0
2009,toyota,Timo Glock,15,0,2,24.0,56.5,0.4247787610619469,2.0,24.0
2010,ferrari,Felipe Massa,19,0,5,144.0,396.0,0.36363636363636365,2.0,144.0
2010,ferrari,Fernando Alonso,19,5,10,252.0,396.0,0.6363636363636364,1.0,144.0
2010,force_india,Adrian Sutil,19,0,0,47.0,68.0,0.6911764705882353,1.0,21.0
2010,force_india,Vitantonio Liuzzi,19,0,0,21.0,68.0,0.3088235294117647,2.0,21.0
2010,mclaren,Jenson Button,19,2,7,214.0,454.0,0.4713656387665198,2.0,214.0
2010,mclaren,Lewis Hamilton,19,3,9,240.0,454.0,0.5286343612334802,1.0,214.0
2010,mercedes,Michael Schumacher,19,0,0,72.0,214.0,0.3364485981308411,2.0,72.0
2010,mercedes,Nico Rosberg,19,0,3,142.0,214.0,0.6635514018691588,1.0,72.0
2010,red_bull,Mark Webber,19,4,10,242.0,498.0,0.4859437751004016,2.0,242.0
2010,red_bull,Sebastian Vettel,19,5,10,256.0,498.0,0.5140562248995983,1.0,242.0
2010,renault,Robert Kubica,19,0,3,136.0,163.0,0.8343558282208589,1.0,27.0
2010,renault,Vitaly Petrov,19,0,0,27.0,163.0,0.1656441717791411,2.0,27.0
2010,williams,Nico Hülkenberg,19,0,0,22.0,69.0,0.3188405797101449,2.0,22.0
2010,williams,Rubens Barrichello,19,0,0,47.0,69.0,0.6811594202898551,1.0,22.0
2011,ferrari,Felipe Massa,19,0,0,118.0,375.0,0.31466666666666665,2.0,118.0
2011,ferrari,Fernando Alonso,19,1,10,257.0,375.0,0.6853333333333333,1.0,118.0
2011,force_india,Adrian Sutil,19,0,0,42.0,69.0,0.6086956521739131,1.0,27.0
2011,force_india,Paul di Resta,19,0,0,27.0,69.0,0.391304347826087,2.0,27.0
2011,mclaren,Jenson Button,19,3,12,270.0,497.0,0.5432595573440644,1.0,227.0
2011,mclaren,Lewis Hamilton,19,3,6,227.0,497.0,0.4567404426559356,2.0,227.0
2011,mercedes,Michael Schumacher,19,0,0,76.0,165.0,0.46060606060606063,2.0,76.0
2011,mercedes,Nico Rosberg,19,0,0,89.0,165.0,0.5393939393939394,1.0,76.0
2011,red_bull,Mark Webber,19,1,10,258.0,650.0,0.39692307692307693,2.0,258.0
2011,red_bull,Sebastian Vettel,19,11,17,392.0,650.0,0.6030769230769231,1.0,258.0
2011,renault,Bruno Senna,8,0,0,2.0,73.0,0.0273972602739726,3.0,34.0
2011,renault,Nick Heidfeld,11,0,1,34.0,73.0,0.4657534246575342,2.0,34.0
2011,renault,Vitaly Petrov,19,0,1,37.0,73.0,0.5068493150684932,1.0,34.0
2012,ferrari,Felipe Massa,20,0,2,122.0,400.0,0.305,2.0,122.0
2012,ferrari,Fernando Alonso,20,3,13,278.0,400.0,0.695,1.0,122.0
2012,force_india,Nico Hülkenberg,20,0,0,63.0,109.0,0.5779816513761468,1.0,46.0
2012,force_india,Paul di Resta,20,0,0,46.0,109.0,0.42201834862385323,2.0,46.0
2012,lotus_f1,Kimi Räikkönen,20,1,7,207.0,303.0,0.6831683168316832,1.0,96.0
2012,lotus_f1,Romain Grosjean,19,0,3,96.0,303.0,0.31683168316831684,2.0,96.0
2012,mclaren,Jenson Button,20,3,6,188.0,378.0,0.4973544973544973,2.0,188.0
2012,mclaren,Lewis Hamilton,20,4,7,190.0,378.0,0.5026455026455027,1.0,188.0
2012,mercedes,Michael Schumacher,20,0,1,49.0,142.0,0.34507042253521125,2.0,49.0
2012,mercedes,Nico Rosberg,20,1,2,93.0,142.0,0.6549295774647887,1.0,49.0
2012,red_bull,Mark Webber,20,2,4,179.0,460.0,0.38913043478260867,2.0,179.0
2012,red_bull,Sebastian Vettel,20,5,10,281.0,460.0,0.6108695652173913,1.0,179.0
2012,sauber,Kamui Kobayashi,20,0,1,60.0,126.0,0.47619047619047616,2.0,60.0
2012,sauber,Sergio Pérez,20,0,3,66.0,126.0,0.5238095238095238,1.0,60.0
2012,williams,Bruno Senna,20,0,0,31.0,76.0,0.40789473684210525,2.0,31.0
2012,williams,Pastor Maldonado,20,1,1,45.0,76.0,0.5921052631578947,1.0,31.0
2013,ferrari,Felipe Massa,19,0,1,112.0,354.0,0.3163841807909605,2.0,112.0
2013,ferrari,Fernando Alonso,19,2,9,242.0,354.0,0.6836158192090396,1.0,112.0
2013,force_india,Adrian Sutil,19,0,0,29.0,77.0,0.37662337662337664,2.0,29.0
2013,force_india,Paul di Resta,19,0,0,48.0,77.0,0.6233766233766234,1.0,29.0
2013,lotus_f1,Kimi Räikkönen,17,1,8,183.0,315.0,0.580952380952381,1.0,132.0
2013,lotus_f1,Romain Grosjean,19,0,6,132.0,315.0,0.41904761904761906,2.0,132.0
2013,mclaren,Jenson Button,19,0,0,73.0,122.0,0.5983606557377049,1.0,49.0
2013,mclaren,Sergio Pérez,19,0,0,49.0,122.0,0.4016393442622951,2.0,49.0
2013,mercedes,Lewis Hamilton,19,1,5,189.0,360.0,0.525,1.0,171.0
2013,mercedes,Nico Rosberg,19,2,4,171.0,360.0,0.475,2.0,171.0
2013,red_bull,Mark Webber,19,0,8,199.0,596.0,0.3338926174496644,2.0,199.0
2013,red_bull,Sebastian Vettel,19,13,16,397.0,596.0,0.6661073825503355,1.0,199.0
2013,sauber,Esteban Gutiérrez,19,0,0,6.0,57.0,0.10526315789473684,2.0,6.0
2013,sauber,Nico Hülkenberg,19,0,0,51.0,57.0,0.8947368421052632,1.0,6.0
2014,ferrari,Fernando Alonso,19,0,2,161.0,216.0,0.7453703703703703,1.0,55.0
2014,ferrari,Kimi Räikkönen,19,0,0,55.0,216.0,0.25462962962962965,2.0,55.0
2014,force_india,Nico Hülkenberg,19,0,0,96.0,155.0,0.6193548387096774,1.0,59.0
2014,force_india,Sergio Pérez,19,0,1,59.0,155.0,0.38064516129032255,2.0,59.0
2014,mclaren,Jenson Button,19,0,1,126.0,181.0,0.6961325966850829,1.0,55.0
2014,mclaren,Kevin Magnussen,19,0,1,55.0,181.0,0.30386740331491713,2.0,55.0
2014,mercedes,Lewis Hamilton,19,11,16,384.0,701.0,0.5477888730385164,1.0,317.0
2014,mercedes,Nico Rosberg,19,5,15,317.0,701.0,0.4522111269614836,2.0,317.0
2014,red_bull,Daniel Ricciardo,19,3,8,238.0,405.0,0.5876543209876544,1.0,167.0
2014,red_bull,Sebastian Vettel,19,0,4,167.0,405.0,0.4123456790123457,2.0,167.0
2014,williams,Felipe Massa,19,0,3,134.0,320.0,0.41875,2.0,134.0
2014,williams,Valtteri Bottas,19,0,6,186.0,320.0,0.58125,1.0,134.0
2015,ferrari,Kimi Räikkönen,19,0,3,150.0,428.0,0.35046728971962615,2.0,150.0
2015,ferrari,Sebastian Vettel,19,3,13,278.0,428.0,0.6495327102803738,1.0,150.0
2015,force_india,Nico Hülkenberg,19,0,0,58.0,136.0,0.4264705882352941,2.0,58.0
2015,force_india,Sergio Pérez,19,0,1,78.0,136.0,0.5735294117647058,1.0,58.0
2015,lotus_f1,Pastor Maldonado,19,0,0,27.0,78.0,0.34615384615384615,2.0,27.0
2015,lotus_f1,Romain Grosjean,19,0,1,51.0,78.0,0.6538461538461539,1.0,27.0
2015,mercedes,Lewis Hamilton,19,10,17,381.0,703.0,0.5419630156472262,1.0,322.0
2015,mercedes,Nico Rosberg,19,6,15,322.0,703.0,0.45803698435277385,2.0,322.0
2015,red_bull,Daniel Ricciardo,19,0,2,92.0,187.0,0.4919786096256685,2.0,92.0
2015,red_bull,Daniil Kvyat,19,0,1,95.0,187.0,0.5080213903743316,1.0,92.0
2015,toro_rosso,Carlos Sainz,19,0,0,18.0,67.0,0.26865671641791045,2.0,18.0
2015,toro_rosso,Max Verstappen,19,0,0,49.0,67.0,0.7313432835820896,1.0,18.0
2015,williams,Felipe Massa,19,0,2,121.0,257.0,0.4708171206225681,2.0,121.0
2015,williams,Valtteri Bottas,19,0,2,136.0,257.0,0.5291828793774319,1.0,121.0
2016,ferrari,Kimi Räikkönen,21,0,4,186.0,398.0,0.46733668341708545,2.0,186.0
2016,ferrari,Sebastian Vettel,21,0,7,212.0,398.0,0.5326633165829145,1.0,186.0
2016,force_india,Nico Hülkenberg,21,0,0,72.0,173.0,0.4161849710982659,2.0,72.0
2016,force_india,Sergio Pérez,21,0,2,101.0,173.0,0.5838150289017341,1.0,72.0
2016,mclaren,Fernando Alonso,20,0,0,54.0,75.0,0.72,1.0,21.0
2016,mclaren,Jenson Button,21,0,0,21.0,75.0,0.28,2.0,21.0
2016,mercedes,Lewis Hamilton,21,10,17,380.0,765.0,0.49673202614379086,2.0,380.0
2016,mercedes,Nico Rosberg,21,9,16,385.0,765.0,0.5032679738562091,1.0,380.0
2016,red_bull,Daniel Ricciardo,21,1,8,256.0,447.0,0.5727069351230425,1.0,191.0
2016,red_bull,Max Verstappen,17,1,7,191.0,447.0,0.4272930648769575,2.0,191.0
2016,toro_rosso,Carlos Sainz,21,0,0,46.0,50.0,0.92,1.0,4.0
2016,toro_rosso,Daniil Kvyat,17,0,0,4.0,50.0,0.08,2.0,4.0
2016,williams,Felipe Massa,21,0,0,53.0,138.0,0.38405797101449274,2.0,53.0
2016,williams,Valtteri Bottas,21,0,1,85.0,138.0,0.6159420289855072,1.0,53.0
2017,ferrari,Kimi Räikkönen,20,0,7,205.0,522.0,0.39272030651340994,2.0,205.0
2017,ferrari,Sebastian Vettel,20,5,13,317.0,522.0,0.60727969348659,1.0,205.0
2017,force_india,Esteban Ocon,20,0,0,87.0,187.0,0.46524064171123,2.0,87.0
2017,force_india,Sergio Pérez,20,0,0,100.0,187.0,0.5347593582887701,1.0,87.0
2017,mercedes,Lewis Hamilton,20,9,13,363.0,668.0,0.5434131736526946,1.0,305.0
2017,mercedes,Valtteri Bottas,20,3,13,305.0,668.0,0.4565868263473054,2.0,305.0
2017,red_bull,Daniel Ricciardo,20,1,9,200.0,368.0,0.5434782608695652,1.0,168.0
2017,red_bull,Max Verstappen,20,2,4,168.0,368.0,0.45652173913043476,2.0,168.0
2017,renault,Jolyon Palmer,16,0,0,8.0,51.0,0.1568627450980392,2.0,8.0
2017,renault,Nico Hülkenberg,20,0,0,43.0,51.0,0.8431372549019608,1.0,8.0
2017,toro_rosso,Carlos Sainz,16,0,0,48.0,53.0,0.9056603773584906,1.0,5.0
2017,toro_rosso,Daniil Kvyat,15,0,0,5.0,53.0,0.09433962264150944,2.0,5.0
2017,toro_rosso,Pierre Gasly,5,0,0,0.0,53.0,0.0,3.0,5.0
2017,williams,Felipe Massa,19,0,0,43.0,83.0,0.5180722891566265,1.0,40.0
2017,williams,Lance Stroll,20,0,1,40.0,83.0,0.4819277108433735,2.0,40.0
2018,ferrari,Kimi Räikkönen,21,1,12,251.0,571.0,0.4395796847635727,2.0,251.0
2018,ferrari,Sebastian Vettel,21,5,12,320.0,571.0,0.5604203152364273,1.0,251.0
2018,force_india,Esteban Ocon,21,0,0,49.0,111.0,0.44144144144144143,2.0,49.0
2018,force_india,Sergio Pérez,21,0,1,62.0,111.0,0.5585585585585585,1.0,49.0
2018,haas,Kevin Magnussen,21,0,0,56.0,93.0,0.6021505376344086,1.0,37.0
2018,haas,Romain Grosjean,21,0,0,37.0,93.0,0.3978494623655914,2.0,37.0
2018,mclaren,Fernando Alonso,21,0,0,50.0,62.0,0.8064516129032258,1.0,12.0
2018,mclaren,Stoffel Vandoorne,21,0,0,12.0,62.0,0.1935483870967742,2.0,12.0
2018,mercedes,Lewis Hamilton,21,11,17,408.0,655.0,0.6229007633587786,1.0,247.0
2018,mercedes,Valtteri Bottas,21,0,8,247.0,655.0,0.37709923664122136,2.0,247.0
2018,red_bull,Daniel Ricciardo,21,2,2,170.0,419.0,0.40572792362768495,2.0,170.0
2018,red_bull,Max Verstappen,21,2,11,249.0,419.0,0.594272076372315,1.0,170.0
2018,renault,Carlos Sainz,21,0,0,53.0,122.0,0.4344262295081967,2.0,53.0
2018,renault,Nico Hülkenberg,21,0,0,69.0,122.0,0.5655737704918032,1.0,53.0
2019,alfa,Antonio Giovinazzi,21,0,0,14.0,57.0,0.24561403508771928,2.0,14.0
2019,alfa,Kimi Räikkönen,21,0,0,43.0,57.0,0.7543859649122807,1.0,14.0
2019,ferrari,Charles Leclerc,21,2,10,264.0,504.0,0.5238095238095238,1.0,240.0
2019,ferrari,Sebastian Vettel,21,1,9,240.0,504.0,0.47619047619047616,2.0,240.0
2019,mclaren,Carlos Sainz,21,0,1,96.0,145.0,0.6620689655172414,1.0,49.0
2019,mclaren,Lando Norris,21,0,0,49.0,145.0,0.33793103448275863,2.0,49.0
2019,mercedes,Lewis Hamilton,21,11,17,413.0,739.0,0.5588633288227334,1.0,326.0
2019,mercedes,Valtteri Bottas,21,4,15,326.0,739.0,0.44113667117726657,2.0,326.0
2019,racing_point,Lance Stroll,21,0,0,21.0,73.0,0.2876712328767123,2.0,21.0
2019,racing_point,Sergio Pérez,21,0,0,52.0,73.0,0.7123287671232876,1.0,21.0
2019,red_bull,Alexander Albon,9,0,0,76.0,417.0,0.18225419664268586,2.0,76.0
2019,red_bull,Max Verstappen,21,3,9,278.0,417.0,0.6666666666666666,1.0,76.0
2019,red_bull,Pierre Gasly,12,0,0,63.0,417.0,0.1510791366906475,3.0,76.0
2019,renault,Daniel Ricciardo,21,0,0,54.0,91.0,0.5934065934065934,1.0,37.0
2019,renault,Nico Hülkenberg,21,0,0,37.0,91.0,0.4065934065934066,2.0,37.0
2019,toro_rosso,Alexander Albon,12,0,0,16.0,85.0,0.18823529411764706,3.0,32.0
2019,toro_rosso,Daniil Kvyat,21,0,1,37.0,85.0,0.43529411764705883,1.0,32.0
2019,toro_rosso,Pierre Gasly,9,0,1,32.0,85.0,0.3764705882352941,2.0,32.0
2020,alphatauri,Daniil Kvyat,17,0,0,32.0,107.0,0.29906542056074764,2.0,32.0
2020,alphatauri,Pierre Gasly,17,1,1,75.0,107.0,0.7009345794392523,1.0,32.0
2020,ferrari,Charles Leclerc,17,0,2,98.0,131.0,0.7480916030534351,1.0,33.0
2020,ferrari,Sebastian Vettel,17,0,1,33.0,131.0,0.25190839694656486,2.0,33.0
2020,mclaren,Carlos Sainz,17,0,1,105.0,202.0,0.5198019801980198,1.0,97.0
2020,mclaren,Lando Norris,17,0,1,97.0,202.0,0.4801980198019802,2.0,97.0
2020,mercedes,Lewis Hamilton,16,11,14,347.0,570.0,0.6087719298245614,1.0,223.0
2020,mercedes,Valtteri Bottas,17,2,11,223.0,570.0,0.3912280701754386,2.0,223.0
2020,racing_point,Lance Stroll,16,0,2,75.0,200.0,0.375,2.0,75.0
2020,racing_point,Sergio Pérez,15,1,2,125.0,200.0,0.625,1.0,75.0
2020,red_bull,Alexander Albon,17,0,2,105.0,319.0,0.329153605015674,2.0,105.0
2020,red_bull,Max Verstappen,17,2,11,214.0,319.0,0.670846394984326,1.0,105.0
2020,renault,Daniel Ricciardo,17,0,2,119.0,181.0,0.6574585635359116,1.0,62.0
2020,renault,Esteban Ocon,17,0,1,62.0,181.0,0.3425414364640884,2.0,62.0
2021,alphatauri,Pierre Gasly,22,0,1,110.0,142.0,0.7746478873239436,1.0,32.0
2021,alphatauri,Yuki Tsunoda,22,0,0,32.0,142.0,0.22535211267605634,2.0,32.0
2021,alpine,Esteban Ocon,22,1,1,74.0,155.0,0.4774193548387097,2.0,74.0
2021,alpine,Fernando Alonso,22,0,1,81.0,155.0,0.5225806451612903,1.0,74.0
2021,aston_martin,Lance Stroll,22,0,0,34.0,77.0,0.44155844155844154,2.0,34.0
2021,aston_martin,Sebastian Vettel,22,0,1,43.0,77.0,0.5584415584415584,1.0,34.0
2021,ferrari,Carlos Sainz,22,0,4,163.5,322.5,0.5069767441860465,1.0,159.0
2021,ferrari,Charles Leclerc,22,0,1,159.0,322.5,0.4930232558139535,2.0,159.0
2021,mclaren,Daniel Ricciardo,22,1,1,114.0,274.0,0.41605839416058393,2.0,114.0
2021,mclaren,Lando Norris,22,0,4,160.0,274.0,0.583941605839416,1.0,114.0
2021,mercedes,Lewis Hamilton,22,8,17,385.5,604.5,0.6377171215880894,1.0,219.0
2021,mercedes,Valtteri Bottas,22,1,11,219.0,604.5,0.36228287841191065,2.0,219.0
2021,red_bull,Max Verstappen,22,10,18,388.5,578.5,0.6715643906655142,1.0,190.0
2021,red_bull,Sergio Pérez,22,1,5,190.0,578.5,0.32843560933448573,2.0,190.0
2022,alfa,Guanyu Zhou,22,0,0,6.0,53.0,0.11320754716981132,2.0,6.0
2022,alfa,Valtteri Bottas,22,0,0,47.0,53.0,0.8867924528301887,1.0,6.0
2022,alpine,Esteban Ocon,22,0,0,89.0,170.0,0.5235294117647059,1.0,81.0
2022,alpine,Fernando Alonso,22,0,0,81.0,170.0,0.4764705882352941,2.0,81.0
2022,aston_martin,Lance Stroll,22,0,0,18.0,55.0,0.32727272727272727,2.0,18.0
2022,aston_martin,Sebastian Vettel,20,0,0,37.0,55.0,0.6727272727272727,1.0,18.0
2022,ferrari,Carlos Sainz,22,1,9,228.0,519.0,0.4393063583815029,2.0,228.0
2022,ferrari,Charles Leclerc,22,3,11,291.0,519.0,0.5606936416184971,1.0,228.0
2022,mclaren,Daniel Ricciardo,22,0,0,34.0,150.0,0.22666666666666666,2.0,34.0
2022,mclaren,Lando Norris,22,0,1,116.0,150.0,0.7733333333333333,1.0,34.0
2022,mercedes,George Russell,22,1,8,262.0,495.0,0.5292929292929293,1.0,233.0
2022,mercedes,Lewis Hamilton,22,0,9,233.0,495.0,0.4707070707070707,2.0,233.0
2022,red_bull,Max Verstappen,22,15,17,433.0,724.0,0.5980662983425414,1.0,291.0
2022,red_bull,Sergio Pérez,22,2,11,291.0,724.0,0.40193370165745856,2.0,291.0
2023,alpine,Esteban Ocon,22,0,1,56.0,110.0,0.509090909090909,1.0,54.0
2023,alpine,Pierre Gasly,22,0,1,54.0,110.0,0.4909090909090909,2.0,54.0
2023,aston_martin,Fernando Alonso,22,0,8,198.0,266.0,0.7443609022556391,1.0,68.0
2023,aston_martin,Lance Stroll,22,0,0,68.0,266.0,0.2556390977443609,2.0,68.0
2023,ferrari,Carlos Sainz,22,1,3,178.0,363.0,0.4903581267217631,2.0,178.0
2023,ferrari,Charles Leclerc,22,0,6,185.0,363.0,0.509641873278237,1.0,178.0
2023,mclaren,Lando Norris,22,0,7,184.0,266.0,0.6917293233082706,1.0,82.0
2023,mclaren,Oscar Piastri,22,0,2,82.0,266.0,0.3082706766917293,2.0,82.0
2023,mercedes,George Russell,22,0,2,157.0,374.0,0.4197860962566845,2.0,157.0
2023,mercedes,Lewis Hamilton,22,0,6,217.0,374.0,0.5802139037433155,1.0,157.0
2023,red_bull,Max Verstappen,22,19,21,530.0,790.0,0.6708860759493671,1.0,260.0
2023,red_bull,Sergio Pérez,22,2,9,260.0,790.0,0.3291139240506329,2.0,260.0
2024,alpine,Esteban Ocon,23,0,1,23.0,63.0,0.36507936507936506,2.0,23.0
2024,alpine,Pierre Gasly,24,0,1,40.0,63.0,0.6349206349206349,1.0,23.0
2024,aston_martin,Fernando Alonso,24,0,0,70.0,94.0,0.7446808510638298,1.0,24.0
2024,aston_martin,Lance Stroll,24,0,0,24.0,94.0,0.2553191489361702,2.0,24.0
2024,ferrari,Carlos Sainz,23,2,9,262.0,589.0,0.44482173174872663,2.0,262.0
2024,ferrari,Charles Leclerc,24,3,13,327.0,589.0,0.5551782682512734,1.0,262.0
2024,haas,Kevin Magnussen,22,0,0,14.0,50.0,0.28,2.0,14.0
2024,haas,Nico Hülkenberg,24,0,0,36.0,50.0,0.72,1.0,14.0
2024,mclaren,Lando Norris,24,4,13,344.0,609.0,0.5648604269293924,1.0,265.0
2024,mclaren,Oscar Piastri,24,2,8,265.0,609.0,0.4351395730706076,2.0,265.0
2024,mercedes,George Russell,24,2,4,226.0,433.0,0.5219399538106235,1.0,207.0
2024,mercedes,Lewis Hamilton,24,2,5,207.0,433.0,0.4780600461893764,2.0,207.0
2024,red_bull,Max Verstappen,24,9,14,399.0,537.0,0.7430167597765364,1.0,138.0
2024,red_bull,Sergio Pérez,24,0,4,138.0,537.0,0.2569832402234637,2.0,138.0
